sample_id,lab_id,sample_type,project_area,anomaly_id,easting,northing,au_ppm,as_ppm,sb_ppm,bi_ppm,cu_ppm,zn_ppm,pb_ppm,ag_ppm,below_detection
T2-TR1-001,AN6/041,trench,Shamkya,An6,,,0.01,1.9,0.07,0.15,81.4,150.0,3.1,0.05,True
T2-TR1-002,AN6/042,trench,Shamkya,An6,,,0.01,2.0,0.09,0.07,36.0,69.0,6.4,0.06,True
T2-TR1-003,AN6/043,trench,Shamkya,An6,,,0.01,2.6,0.1,0.12,50.3,62.0,6.0,0.05,True
T2-TR1-004,AN6/044,trench,Shamkya,An6,,,0.01,2.2,0.09,0.13,84.6,76.0,3.4,0.03,True
T2-TR1-005,AN6/045,trench,Shamkya,An6,,,0.01,1.8,0.1,0.14,26.2,81.0,3.6,0.03,True
T2-TR1-006,AN6/046,trench,Shamkya,An6,,,0.01,32.2,1.09,1.09,92.0,158.0,15.6,0.16,True
T2-TR1-007,AN6/047,trench,Shamkya,An6,,,0.01,24.4,1.4,0.16,61.4,79.0,13.0,0.1,True
T2-TR1-008,AN6/048,trench,Shamkya,An6,,,0.01,11.1,0.57,0.2,33.2,115.0,9.4,0.14,True
T2-TR1-009,AN6/049,trench,Shamkya,An6,,,0.01,5.5,0.12,0.12,48.3,175.0,5.5,0.05,True
Duplicate of (T2-TR1-020),AN6/050,trench,Shamkya,An6,,,0.1,20.5,0.81,0.52,329.0,232.0,7.9,0.14,False
T2-TR1-010,AN6/051,trench,Shamkya,An6,,,0.01,4.4,0.11,0.09,43.8,159.0,5.8,0.07,True
T2-TR1-011,AN6/052,trench,Shamkya,An6,,,0.01,3.8,0.14,0.29,47.8,67.0,3.6,0.04,True
T2-TR1-012,AN6/053,trench,Shamkya,An6,,,0.02,3.5,0.19,0.15,24.0,26.0,2.9,0.03,False
T2-TR1-013,AN6/054,trench,Shamkya,An6,,,0.01,3.2,0.14,0.32,42.2,44.0,8.5,0.05,True
T2-TR1-014,AN6/055,trench,Shamkya,An6,,,0.01,1.5,0.08,0.17,54.6,57.0,4.2,0.03,True
T2-TR1-015,AN6/056,trench,Shamkya,An6,,,0.01,1.3,0.08,0.14,56.9,55.0,2.9,0.03,True
T2-TR1-016,AN6/057,trench,Shamkya,An6,,,0.01,1.5,0.09,0.13,44.9,109.0,10.1,0.08,True
T2-TR1-017,AN6/058,trench,Shamkya,An6,,,0.01,3.4,0.12,0.15,70.7,103.0,6.8,0.05,True
T2-TR1-018,AN6/059,trench,Shamkya,An6,,,0.04,4.1,0.09,0.17,68.3,119.0,5.5,0.06,False
T2-TR1-019,AN6/060,trench,Shamkya,An6,,,0.17,19.2,0.75,1.18,380.0,215.0,10.6,0.2,False
T2-TR1-020,AN6/061,trench,Shamkya,An6,,,0.08,20.3,0.83,0.47,339.0,238.0,7.7,0.15,False
Blank,AN6/062,trench,Shamkya,An6,,,0.01,0.05,0.025,0.03,2.1,2.0,4.1,0.01,True
T2-TR1-021,AN6/063,trench,Shamkya,An6,,,0.03,6.2,0.21,0.18,221.0,136.0,5.1,0.1,False
T2-TR1-022,AN6/064,trench,Shamkya,An6,,,0.03,5.8,0.13,0.13,132.5,90.0,5.1,0.06,False
T2-TR1-023,AN6/065,trench,Shamkya,An6,,,0.01,2.5,0.07,0.11,82.2,78.0,4.3,0.03,True
T2-TR1-024,AN6/066,trench,Shamkya,An6,,,0.01,1.6,0.08,0.16,90.4,65.0,4.7,0.04,True
T2-TR1-025,AN6/067,trench,Shamkya,An6,,,0.01,1.5,0.08,0.15,92.1,85.0,6.4,0.03,True
T2-TR1-026,AN6/068,trench,Shamkya,An6,,,0.01,1.3,0.08,0.08,40.7,53.0,4.0,0.03,True
T2-TR1-027,AN6/069,trench,Shamkya,An6,,,0.01,1.0,0.07,0.05,43.7,44.0,2.0,0.02,True
T2-TR1-028,AN6/070,trench,Shamkya,An6,,,0.01,1.9,0.07,0.1,28.4,82.0,2.2,0.03,True
T2-TR1-029,AN6/071,trench,Shamkya,An6,,,0.01,2.1,0.08,0.06,87.7,78.0,5.5,0.05,True
T2-TR1-030,AN6/072,trench,Shamkya,An6,,,0.04,25.3,0.67,0.19,86.7,70.0,4.9,0.16,False
T2-TR1-031,AN6/073,trench,Shamkya,An6,,,0.05,4.7,0.14,0.08,94.3,82.0,3.1,0.03,False
Blank,AN6/074,trench,Shamkya,An6,,,0.01,0.4,0.025,0.02,2.1,2.0,4.0,0.01,True
Duplicate of (T2-TR1-031),AN6/075,trench,Shamkya,An6,,,0.07,4.5,0.13,0.08,96.0,83.0,3.2,0.04,False
T2-TR1-032,AN6/076,trench,Shamkya,An6,,,0.02,7.6,0.17,0.1,63.3,54.0,2.5,0.05,False
T2-TR1-033,AN6/077,trench,Shamkya,An6,,,0.01,2.3,0.06,0.07,61.1,48.0,1.6,0.02,True
T2-TR1-034,AN6/078,trench,Shamkya,An6,,,0.01,1.2,0.025,0.05,63.6,53.0,1.4,0.02,True
T2-TR1-035,AN6/079,trench,Shamkya,An6,,,0.01,1.4,0.025,0.07,37.8,57.0,2.1,0.02,True
T2-TR1-036,AN6/080,trench,Shamkya,An6,,,0.01,3.1,0.08,0.1,111.0,91.0,3.8,0.02,True
T2-TR1-037,AN6/081,trench,Shamkya,An6,,,0.02,8.7,0.2,0.2,91.9,103.0,6.4,0.04,False
T2-TR1-038,AN6/082,trench,Shamkya,An6,,,0.02,6.3,0.16,0.13,48.1,109.0,9.0,0.03,False
T2-TR1-039,AN6/083,trench,Shamkya,An6,,,0.01,3.4,0.1,0.2,97.9,102.0,5.7,0.05,True
T2-TR1-040,AN6/084,trench,Shamkya,An6,,,0.01,16.3,0.58,0.18,86.9,178.0,10.8,0.07,True
T2-TR1-041,AN6/085,trench,Shamkya,An6,,,0.01,15.1,0.37,0.35,55.8,26.0,9.8,0.09,True
T2-TR1-042,AN6/086,trench,Shamkya,An6,,,0.02,7.1,0.2,0.16,23.2,43.0,5.9,0.08,False
T2-TR1-043,AN6/087,trench,Shamkya,An6,,,0.02,3.1,0.12,0.13,26.5,25.0,5.2,0.1,False
T2-TR1-044,AN6/088,trench,Shamkya,An6,,,0.01,4.8,0.13,0.24,52.7,75.0,3.8,0.03,True
T2-TR1-045,AN6/089,trench,Shamkya,An6,,,0.01,3.7,0.11,0.17,33.4,74.0,3.5,0.03,True
T2-TR1-046,AN6/090,trench,Shamkya,An6,,,0.01,1.4,0.08,0.09,5.8,25.0,5.8,0.04,True
T2-TR1-047,AN6/091,trench,Shamkya,An6,,,0.01,2.2,0.08,0.08,107.5,66.0,1.9,0.03,True
T2-TR1-048,AN6/092,trench,Shamkya,An6,,,0.01,2.6,0.08,0.12,77.7,105.0,3.1,0.03,True
T2-TR1-049,AN6/093,trench,Shamkya,An6,,,0.01,4.0,0.14,0.17,71.5,127.0,4.1,0.03,True
Duplicate of (T2-TR2-011),AN6/094,trench,Shamkya,An6,,,0.52,48.1,1.15,11.35,1800.0,84.0,20.0,1.25,False
T2-TR1-050,AN6/095,trench,Shamkya,An6,,,0.01,2.7,0.13,0.09,10.4,43.0,7.8,0.04,True
T2-TR1-051,AN6/096,trench,Shamkya,An6,,,0.01,2.6,0.15,0.11,24.7,43.0,7.0,0.05,True
T2-TR1-052,AN6/097,trench,Shamkya,An6,,,0.01,1.5,0.07,0.08,6.8,142.0,5.2,0.03,True
T2-TR1-053,AN6/098,trench,Shamkya,An6,,,0.01,1.3,0.06,0.03,8.7,97.0,5.6,0.02,True
T2-TR1-054,AN6/099,trench,Shamkya,An6,,,0.01,1.4,0.09,0.05,21.5,70.0,7.9,0.03,True
T2-TR1-055,AN6/100,trench,Shamkya,An6,,,0.01,1.4,0.08,0.05,16.2,114.0,6.7,0.02,True
T2-TR1-056,AN6/101,trench,Shamkya,An6,,,0.01,2.9,0.14,0.12,23.2,167.0,6.1,0.04,True
T2-TR2-001,AN6/102,trench,Shamkya,An6,,,0.01,0.4,0.07,0.04,65.3,45.0,0.9,0.02,True
T2-TR2-002,AN6/103,trench,Shamkya,An6,,,0.01,0.5,0.07,0.04,62.2,44.0,0.7,0.02,True
T2-TR2-003,AN6/104,trench,Shamkya,An6,,,0.01,1.0,0.06,0.06,33.7,45.0,0.6,0.01,True
T2-TR2-004,AN6/105,trench,Shamkya,An6,,,0.01,0.6,0.07,0.08,67.7,39.0,1.2,0.02,True
T2-TR2-005,AN6/106,trench,Shamkya,An6,,,0.01,0.8,0.07,0.1,58.2,49.0,2.3,0.03,True
T2-TR2-006,AN6/107,trench,Shamkya,An6,,,0.01,2.7,0.15,0.17,56.4,57.0,4.8,0.03,True
T2-TR2-007,AN6/108,trench,Shamkya,An6,,,0.01,1.8,0.1,0.14,91.1,109.0,5.3,0.02,True
T2-TR2-008,AN6/109,trench,Shamkya,An6,,,0.02,1.7,0.08,0.26,85.5,94.0,6.9,0.02,False
T2-TR2-009,AN6/110,trench,Shamkya,An6,,,0.02,2.8,0.14,0.29,130.0,86.0,9.0,0.04,False
T2-TR2-010,AN6/111,trench,Shamkya,An6,,,0.04,10.5,0.18,0.21,210.0,82.0,3.5,0.07,False
T2-TR2-011,AN6/112,trench,Shamkya,An6,,,0.31,49.1,1.0,9.25,1700.0,76.0,20.3,1.02,False
Blank,AN6/113,trench,Shamkya,An6,,,0.01,0.2,0.025,0.02,2.2,2.0,3.7,0.01,True
T2-TR2-012,AN6/114,trench,Shamkya,An6,,,0.03,14.7,0.35,0.23,325.0,230.0,9.7,0.16,False
T2-TR2-013,AN6/115,trench,Shamkya,An6,,,0.02,13.8,0.36,0.25,129.0,191.0,6.7,0.12,False
T2-TR2-014,AN6/116,trench,Shamkya,An6,,,0.02,57.7,0.84,0.38,277.0,89.0,2.9,0.2,False
T2-TR2-015,AN6/117,trench,Shamkya,An6,,,0.03,39.8,0.85,0.45,159.0,89.0,3.1,0.15,False
T2-TR2-016,AN6/118,trench,Shamkya,An6,,,0.02,28.8,0.5,0.71,143.0,30.0,2.3,0.1,False
T2-TR2-017,AN6/119,trench,Shamkya,An6,,,0.06,14.0,0.32,0.34,211.0,119.0,4.7,0.16,False
Duplicate of (T2-TR2-014),AN6/120,trench,Shamkya,An6,,,0.06,60.7,0.9,0.39,263.0,88.0,3.0,0.2,False
T2-TR2-018,AN6/121,trench,Shamkya,An6,,,0.03,15.9,0.24,0.38,70.8,85.0,6.3,0.08,False
T2-TR2-019,AN6/122,trench,Shamkya,An6,,,0.01,20.5,0.35,0.54,149.0,128.0,5.5,0.09,True
T2-TR3-001,AN6/123,trench,Shamkya,An6,,,0.01,4.9,0.25,0.49,43.8,120.0,6.0,0.03,True
T2-TR3-002,AN6/124,trench,Shamkya,An6,,,0.01,3.0,0.13,0.36,46.6,68.0,4.1,0.02,True
T2-TR3-003,AN6/125,trench,Shamkya,An6,,,0.01,0.8,0.1,0.1,120.5,48.0,1.3,0.03,True
T2-TR3-004,AN6/126,trench,Shamkya,An6,,,0.01,1.6,0.06,0.05,56.7,71.0,0.7,0.01,True
T2-TR3-005,AN6/127,trench,Shamkya,An6,,,0.01,0.8,0.05,0.05,55.5,48.0,0.7,0.02,True
T2-TR3-006,AN6/128,trench,Shamkya,An6,,,0.01,1.1,0.07,0.07,66.9,54.0,0.5,0.02,True
T2-TR3-007,AN6/129,trench,Shamkya,An6,,,0.01,0.9,0.05,0.04,57.4,49.0,0.6,0.01,True
T2-TR3-008,AN6/130,trench,Shamkya,An6,,,0.01,1.5,0.07,0.06,101.0,58.0,1.0,0.02,True
T2-TR3-009,AN6/131,trench,Shamkya,An6,,,0.01,1.2,0.07,0.06,47.8,50.0,0.7,0.02,True
T2-TR3-010,AN6/132,trench,Shamkya,An6,,,0.01,5.1,0.12,0.16,68.0,59.0,1.6,0.02,True
T2-TR3-011,AN6/133,trench,Shamkya,An6,,,0.01,16.6,0.16,0.36,99.0,77.0,2.4,0.04,True
T2-TR3-012,AN6/134,trench,Shamkya,An6,,,0.01,58.4,1.35,0.32,124.0,76.0,3.8,0.11,True
T2-TR3-013,AN6/135,trench,Shamkya,An6,,,0.01,23.6,0.49,0.28,75.0,71.0,3.7,0.08,True
Blank,AN6/136,trench,Shamkya,An6,,,0.01,0.3,0.025,0.02,3.1,2.0,3.9,0.01,True
T2-TR3-014,AN6/137,trench,Shamkya,An6,,,0.01,9.1,0.16,0.2,57.9,75.0,4.2,0.02,True
T2-TR3-015,AN6/138,trench,Shamkya,An6,,,0.01,5.7,0.15,0.2,64.1,67.0,3.8,0.04,True
T2-TR3-016,AN6/139,trench,Shamkya,An6,,,0.01,5.3,0.17,0.24,65.9,71.0,3.7,0.03,True
T2-TR3-017,AN6/140,trench,Shamkya,An6,,,0.01,6.1,0.17,0.34,49.1,73.0,5.4,0.05,True
T2-TR3-018,AN6/141,trench,Shamkya,An6,,,0.01,4.0,0.15,0.11,18.6,24.0,8.8,0.1,True
T2-TR3-019,AN6/142,trench,Shamkya,An6,,,0.01,2.9,0.16,0.1,21.8,23.0,9.4,0.08,True
T2-TR3-020,AN6/143,trench,Shamkya,An6,,,0.01,0.9,0.1,0.05,8.1,9.0,7.8,0.04,True
T2-TR3-021,AN6/144,trench,Shamkya,An6,,,0.01,7.4,0.26,0.19,30.9,111.0,10.4,0.05,True
T2-TR3-022,AN6/145,trench,Shamkya,An6,,,0.01,6.4,0.16,0.25,37.2,118.0,7.8,0.03,True
T2-TR3-023,AN6/146,trench,Shamkya,An6,,,0.01,3.7,0.14,0.12,34.1,117.0,6.0,0.03,True
T2-TR3-024,AN6/147,trench,Shamkya,An6,,,0.01,2.4,0.11,0.18,33.1,118.0,4.9,0.03,True
T2-TR3-025,AN6/148,trench,Shamkya,An6,,,0.01,2.4,0.1,0.22,46.0,172.0,6.4,0.03,True
T2-TR3-026,AN6/149,trench,Shamkya,An6,,,0.01,4.3,0.11,0.21,49.6,118.0,7.1,0.03,True
T2-TR3-027,AN6/150,trench,Shamkya,An6,,,0.01,1.3,0.09,0.05,15.6,51.0,9.2,0.05,True
T2-TR4-001,AN6/151,trench,Shamkya,An6,,,0.01,13.2,0.16,0.11,13.4,68.0,8.0,0.03,True
T2-TR4-002,AN6/152,trench,Shamkya,An6,,,0.01,10.4,0.26,0.1,14.5,95.0,2.8,0.03,True
T2-TR4-003,AN6/153,trench,Shamkya,An6,,,0.01,2.5,0.06,0.09,9.8,153.0,3.0,0.02,True
T2-TR4-004,AN6/154,trench,Shamkya,An6,,,0.01,2.5,0.07,0.12,17.0,134.0,3.2,0.02,True
T2-TR4-005,AN6/155,trench,Shamkya,An6,,,0.01,3.5,0.1,0.11,54.1,136.0,3.7,0.02,True
Triplicate (T2-TR2-011),AN6/156,trench,Shamkya,An6,,,0.79,45.1,1.07,9.59,1990.0,77.0,20.4,1.21,False
T2-TR4-006,AN6/157,trench,Shamkya,An6,,,0.01,3.5,0.08,0.13,33.5,181.0,4.1,0.06,True
T2-TR4-007,AN6/158,trench,Shamkya,An6,,,0.01,5.7,0.16,0.27,86.7,279.0,5.6,0.15,True
T2-TR4-008,AN6/159,trench,Shamkya,An6,,,0.01,6.8,0.24,0.22,91.3,299.0,6.9,0.15,True
T2-TR4-009,AN6/160,trench,Shamkya,An6,,,0.01,18.4,0.67,0.25,61.0,158.0,7.5,0.13,True
T2-TR4-010,AN6/161,trench,Shamkya,An6,,,0.01,7.8,0.4,0.16,44.3,52.0,11.3,0.08,True
T2-TR4-011,AN6/162,trench,Shamkya,An6,,,0.01,3.2,0.13,0.04,7.2,26.0,12.9,0.05,True
T2-TR4-012,AN6/163,trench,Shamkya,An6,,,0.01,2.4,0.15,0.05,3.6,18.0,16.7,0.03,True
T2-TR4-013,AN6/164,trench,Shamkya,An6,,,0.03,21.1,0.49,0.38,32.8,35.0,13.0,0.13,False
BLANK,AN6/165,trench,Shamkya,An6,,,0.01,0.3,0.025,0.02,3.2,4.0,3.7,0.01,True
T2-TR4-014,AN6/166,trench,Shamkya,An6,,,0.01,45.0,0.75,0.42,27.5,35.0,3.3,0.1,True
T2-TR4-015,AN6/167,trench,Shamkya,An6,,,0.01,22.7,1.31,0.26,45.7,95.0,7.9,0.17,True
T2-TR4-016,AN6/168,trench,Shamkya,An6,,,0.01,32.2,1.79,0.45,53.1,135.0,10.9,0.16,True
T2-TR4-017,AN6/169,trench,Shamkya,An6,,,0.01,27.5,1.61,0.33,63.7,156.0,9.6,0.12,True
T2-TR4-018,AN6/170,trench,Shamkya,An6,,,0.01,8.6,0.25,0.39,72.0,108.0,6.4,0.05,True
T2-TR4-019,AN6/171,trench,Shamkya,An6,,,0.01,9.8,0.15,0.3,53.6,103.0,3.7,0.03,True
T2-TR4-020,AN6/172,trench,Shamkya,An6,,,0.01,6.2,0.19,0.21,105.0,140.0,6.3,0.04,True
T2-TR4-021,AN6/173,trench,Shamkya,An6,,,0.01,7.1,0.21,0.27,27.5,102.0,9.4,0.05,True
T2-TR4-022,AN6/174,trench,Shamkya,An6,,,0.01,9.5,0.3,0.38,58.7,109.0,6.9,0.04,True
T2-TR4-023,AN6/175,trench,Shamkya,An6,,,0.01,3.2,0.13,0.21,32.3,57.0,2.7,0.03,True
T2-TR4-024,AN6/176,trench,Shamkya,An6,,,0.01,3.1,0.25,0.22,76.0,61.0,3.7,0.04,True
T2-TR4-025,AN6/177,trench,Shamkya,An6,,,0.01,3.6,0.16,0.23,48.5,65.0,3.0,0.02,True
T2-TR4-026,AN6/178,trench,Shamkya,An6,,,0.01,8.1,0.28,0.17,36.8,73.0,4.5,0.04,True
Duplicate of of (T2-TR4-013),AN6/179,trench,Shamkya,An6,,,0.01,24.3,0.64,0.43,30.6,33.0,13.0,0.12,True
T2-TR4-027,AN6/180,trench,Shamkya,An6,,,0.01,3.9,0.11,0.27,25.0,57.0,3.1,0.02,True
T2-TR6-001,AN6/181,trench,Shamkya,An6,,,0.05,11.4,0.22,0.23,79.8,130.0,3.3,0.05,False
T2-TR6-002,AN6/182,trench,Shamkya,An6,,,0.03,14.1,0.17,0.1,51.5,135.0,1.5,0.04,False
T2-TR6-003,AN6/183,trench,Shamkya,An6,,,0.03,11.2,0.22,0.21,112.5,119.0,2.3,0.05,False
T2-TR6-004,AN6/184,trench,Shamkya,An6,,,0.02,10.5,0.24,0.54,55.1,83.0,7.5,0.07,False
T2-TR6-005,AN6/185,trench,Shamkya,An6,,,0.02,8.2,0.22,0.27,110.5,105.0,2.7,0.04,False
T2-TR6-006,AN6/186,trench,Shamkya,An6,,,0.02,9.6,0.25,0.32,40.5,116.0,4.0,0.06,False
T2-TR6-007,AN6/187,trench,Shamkya,An6,,,0.01,3.8,0.14,0.25,17.8,22.0,3.4,0.04,True
T2-TR6-008,AN6/188,trench,Shamkya,An6,,,0.01,4.3,0.13,0.1,42.3,120.0,9.6,0.03,True
T2-TR6-009,AN6/189,trench,Shamkya,An6,,,0.03,5.8,0.16,0.34,75.8,45.0,11.6,0.05,False
Blank,AN6/190,trench,Shamkya,An6,,,0.01,0.5,0.05,0.05,3.6,2.0,4.3,0.01,True
T2-TR6-010,AN6/191,trench,Shamkya,An6,,,0.02,7.9,0.17,0.25,76.3,71.0,12.3,0.05,False
T2-TR6-011,AN6/192,trench,Shamkya,An6,,,0.02,6.1,0.19,0.22,59.3,58.0,7.2,0.06,False
T2-TR6-012,AN6/193,trench,Shamkya,An6,,,0.02,6.4,0.16,0.21,106.0,122.0,4.8,0.04,False
T2-TR6-013,AN6/194,trench,Shamkya,An6,,,0.02,5.5,0.18,0.19,51.6,77.0,10.3,0.07,False
T2-TR6-014,AN6/195,trench,Shamkya,An6,,,0.06,7.9,0.33,0.34,85.2,149.0,5.8,0.06,False
T2-TR6-015,AN6/196,trench,Shamkya,An6,,,0.01,64.2,1.39,0.22,78.1,76.0,6.7,0.18,True
T2-TR6-016,AN6/197,trench,Shamkya,An6,,,0.02,31.8,0.64,0.17,53.0,97.0,4.3,0.11,False
T2-TR6-017,AN6/198,trench,Shamkya,An6,,,0.15,67.2,1.25,1.02,66.9,63.0,10.3,0.17,False
T2-TR6-018,AN6/199,trench,Shamkya,An6,,,0.07,86.8,1.31,1.59,35.0,68.0,8.9,0.18,False
T2-TR6-019,AN6/200,trench,Shamkya,An6,,,0.09,47.0,1.37,2.12,21.5,41.0,13.1,0.33,False
T2-TR6-020,AN6/201,trench,Shamkya,An6,,,0.04,24.0,0.49,1.18,7.5,25.0,6.6,0.22,False
T2-TR6-021,AN6/202,trench,Shamkya,An6,,,0.16,28.9,0.42,0.64,66.1,114.0,5.7,0.18,False
Duplicate of (T2-TR6-009),AN6/203,trench,Shamkya,An6,,,0.02,5.5,0.16,0.32,79.1,44.0,12.1,0.05,False
T2-TR6-022,AN6/204,trench,Shamkya,An6,,,0.01,37.5,0.96,0.09,26.6,129.0,7.9,0.1,True
T2-TR6-023,AN6/205,trench,Shamkya,An6,,,0.01,34.9,0.96,0.33,83.4,191.0,14.9,0.18,True
T2-TR6-024,AN6/206,trench,Shamkya,An6,,,0.02,16.1,0.41,0.52,80.6,122.0,12.0,0.13,False
T2-TR6-025,AN6/207,trench,Shamkya,An6,,,0.02,9.4,0.23,0.41,73.4,156.0,8.1,0.08,False
T2-TR6-026,AN6/208,trench,Shamkya,An6,,,0.03,14.4,0.26,0.52,77.0,127.0,7.5,0.06,False
T2-TR6-027,AN6/209,trench,Shamkya,An6,,,0.02,9.3,0.21,0.35,73.1,113.0,6.2,0.05,False
T2-TR6-028,AN6/210,trench,Shamkya,An6,,,0.03,20.0,0.44,0.24,46.8,170.0,8.4,0.1,False
T2-TR6-029,AN6/211,trench,Shamkya,An6,,,0.08,66.2,1.73,0.92,65.1,158.0,10.5,0.23,False
T2-TR6-030,AN6/212,trench,Shamkya,An6,,,0.22,81.6,2.89,2.0,251.0,151.0,11.4,0.41,False
T2-TR6-031,AN6/213,trench,Shamkya,An6,,,0.06,44.1,0.71,1.81,70.8,192.0,10.8,0.29,False
T2-TR6-032,AN6/214,trench,Shamkya,An6,,,0.06,31.4,0.62,3.9,68.4,146.0,10.8,0.19,False
T2-TR6-033,AN6/215,trench,Shamkya,An6,,,0.09,32.0,0.68,1.22,61.8,138.0,7.8,0.22,False
T2-TR6-034,AN6/216,trench,Shamkya,An6,,,0.18,88.7,2.61,6.37,315.0,231.0,21.0,0.32,False
T2-TR6-035,AN6/217,trench,Shamkya,An6,,,0.05,74.1,2.39,0.68,65.6,183.0,6.1,0.43,False
T2-TR6-036,AN6/218,trench,Shamkya,An6,,,0.09,65.2,1.94,3.05,141.5,193.0,12.5,0.29,False
Blank,AN6/219,trench,Shamkya,An6,,,0.01,0.3,0.025,0.02,1.6,1.0,6.2,0.01,True
T2-TR6-037,AN6/220,trench,Shamkya,An6,,,0.2,59.2,1.54,4.15,107.0,103.0,20.7,0.31,False
T2-TR6-038,AN6/221,trench,Shamkya,An6,,,0.66,17.1,0.38,0.13,33.3,150.0,6.2,0.21,False
T2-TR6-039,AN6/222,trench,Shamkya,An6,,,0.06,19.7,0.34,0.54,52.1,120.0,9.6,0.13,False
T2-TR6-040,AN6/223,trench,Shamkya,An6,,,0.02,16.2,0.64,0.44,42.9,51.0,8.0,0.14,False
T2-TR6-041,AN6/224,trench,Shamkya,An6,,,0.05,8.9,0.22,0.4,132.5,81.0,5.8,0.07,False
T2-TR6-042,AN6/225,trench,Shamkya,An6,,,0.05,5.9,0.17,0.27,81.9,79.0,3.1,0.04,False
Duplicate of(T2-TR6-036),AN6/226,trench,Shamkya,An6,,,0.12,70.6,1.84,2.33,163.5,202.0,13.1,0.25,False
T2-TR6-043,AN6/227,trench,Shamkya,An6,,,0.06,4.9,0.14,0.28,48.7,72.0,3.3,0.03,False
T2-TR6-044,AN6/228,trench,Shamkya,An6,,,0.09,12.9,0.29,0.55,84.1,92.0,5.8,0.06,False
T2-TR6-045,AN6/229,trench,Shamkya,An6,,,0.03,18.0,0.35,0.31,39.9,25.0,4.2,0.12,False
T2-TR6-046,AN6/230,trench,Shamkya,An6,,,0.04,50.8,0.78,3.76,79.7,42.0,26.3,0.24,False
T2-TR6-057,AN6/231,trench,Shamkya,An6,,,0.01,3.5,0.09,0.15,110.0,67.0,3.1,0.03,True
T2-TR6-058,AN6/232,trench,Shamkya,An6,,,0.01,3.3,0.09,0.11,88.6,68.0,2.5,0.02,True
T2-TR7-003,AN6/233,trench,Shamkya,An6,,,0.01,2.3,0.15,0.3,18.3,52.0,5.9,0.02,True
T2-TR7-004,AN6/234,trench,Shamkya,An6,,,0.01,3.4,0.19,0.26,59.7,63.0,3.0,0.03,True
T2-TR7-005,AN6/235,trench,Shamkya,An6,,,0.01,3.5,0.3,0.26,78.1,57.0,2.6,0.02,True
T2-TR7-006,AN6/236,trench,Shamkya,An6,,,0.01,4.0,0.21,0.37,44.7,50.0,4.8,0.02,True
T2-TR7-007,AN6/237,trench,Shamkya,An6,,,0.01,3.7,0.14,0.32,10.4,44.0,8.0,0.03,True
T2-TR7-008,AN6/238,trench,Shamkya,An6,,,0.01,1.4,0.08,0.27,2.3,19.0,9.6,0.04,True
T2-TR7-009,AN6/239,trench,Shamkya,An6,,,0.01,0.9,0.07,0.12,2.6,9.0,7.6,0.03,True
T2-TR7-010,AN6/240,trench,Shamkya,An6,,,0.01,1.1,0.07,0.1,2.7,5.0,7.9,0.02,True
T2-TR7-011,AN6/241,trench,Shamkya,An6,,,0.01,1.9,0.09,3.98,7.6,13.0,8.9,0.03,True
T2-TR7-012,AN6/242,trench,Shamkya,An6,,,0.01,2.9,0.12,0.26,10.0,21.0,10.1,0.03,True
Duplicate of(T2-TR7-020),AN6/243,trench,Shamkya,An6,,,0.04,50.2,0.5,1.91,45.2,51.0,14.1,0.25,False
T2-TR7-013,AN6/244,trench,Shamkya,An6,,,0.01,2.2,0.09,0.17,6.0,13.0,9.4,0.03,True
T2-TR7-014,AN6/245,trench,Shamkya,An6,,,0.01,1.1,0.06,0.28,2.0,7.0,10.6,0.03,True
T2-TR7-015,AN6/246,trench,Shamkya,An6,,,0.01,4.4,0.19,0.17,13.9,100.0,14.6,0.05,True
T2-TR7-016,AN6/247,trench,Shamkya,An6,,,0.04,16.2,0.3,0.4,90.1,51.0,11.5,0.1,False
T2-TR7-017,AN6/248,trench,Shamkya,An6,,,0.03,9.9,0.19,0.32,31.5,26.0,9.4,0.07,False
T2-TR7-018,AN6/249,trench,Shamkya,An6,,,0.02,10.8,0.42,0.85,16.6,15.0,5.3,0.29,False
T2-TR7-019,AN6/250,trench,Shamkya,An6,,,0.08,48.9,0.66,1.98,46.7,65.0,21.5,0.27,False
T2-TR7-020,AN6/251,trench,Shamkya,An6,,,5.0,0.07,4.0,0.67,5.01,3.2,5.5,0.28,True
T2-TR7-021,AN6/252,trench,Shamkya,An6,,,5.0,0.03,0.9,0.23,1.81,1.6,3.1,0.14,True
T2-TR7-022,AN6/253,trench,Shamkya,An6,,,5.0,0.03,4.5,0.48,4.16,3.9,8.7,0.52,True
Blank,AN6/254,trench,Shamkya,An6,,,5.0,0.01,0.1,0.06,0.44,0.25,8.5,0.22,True
T2-TR7-023,AN6/255,trench,Shamkya,An6,,,5.0,0.01,5.1,0.4,2.23,7.5,8.2,0.73,True
T2-TR7-024,AN6/256,trench,Shamkya,An6,,,5.0,0.01,4.2,0.53,2.77,8.9,8.8,0.67,True
T2-TR7-025,AN6/257,trench,Shamkya,An6,,,5.0,0.01,8.5,0.95,2.79,11.9,7.1,0.99,True
T2-TR7-026,AN6/258,trench,Shamkya,An6,,,5.0,0.01,2.2,0.7,1.31,3.9,5.7,0.62,True
T2-TR7-027,AN6/259,trench,Shamkya,An6,,,5.0,0.02,8.0,10.6,4.84,4.8,31.7,1.65,True
T2-TR7-028,AN6/260,trench,Shamkya,An6,,,5.0,0.02,10.5,7.66,3.8,3.8,26.7,2.23,True
T2-TR7-029,AN6/261,trench,Shamkya,An6,,,5.0,0.02,15.4,12.65,4.62,3.3,5.0,2.69,True
T2-TR7-030,AN6/262,trench,Shamkya,An6,,,5.0,0.01,9.4,2.19,4.91,11.4,36.8,1.64,True
T2-TR7-031,AN6/263,trench,Shamkya,An6,,,5.0,0.01,19.1,8.22,6.43,3.2,6.3,3.3,True
Triplicate(T2-TR7-020),AN6/264,trench,Shamkya,An6,,,5.0,0.07,4.0,0.67,4.95,3.4,5.7,0.3,True
T2-TR7-032,AN6/265,trench,Shamkya,An6,,,5.0,0.01,7.1,2.87,4.08,8.8,29.4,1.39,True
T2-TR7-033,AN6/266,trench,Shamkya,An6,,,5.0,0.01,14.6,5.64,7.19,3.6,35.7,3.08,True
T2-TR7-034,AN6/267,trench,Shamkya,An6,,,5.0,0.01,1.9,2.46,1.8,4.2,7.5,0.82,True
T2-TR7-035,AN6/268,trench,Shamkya,An6,,,5.0,0.01,16.6,4.95,7.72,3.9,84.3,3.53,True
T2-TR7-036,AN6/269,trench,Shamkya,An6,,,5.0,0.01,14.5,10.8,6.74,4.3,32.5,2.94,True
T2-TR7-037,AN6/270,trench,Shamkya,An6,,,5.0,0.01,9.9,6.18,8.62,2.7,28.1,2.02,True
T2-TR7-038,AN6/271,trench,Shamkya,An6,,,5.0,0.01,3.5,7.22,2.78,3.7,8.2,0.89,True
T2-TR7-039,AN6/272,trench,Shamkya,An6,,,5.0,0.01,8.3,6.38,2.79,4.4,36.0,1.9,True
T2-TR7-040,AN6/273,trench,Shamkya,An6,,,5.0,0.01,20.7,11.65,5.31,3.8,32.2,3.84,True
T2-TR7-041,AN6/274,trench,Shamkya,An6,,,5.0,0.01,13.1,10.4,4.46,3.5,3.5,2.9,True
T2-TR7-042,AN6/275,trench,Shamkya,An6,,,5.0,0.02,14.7,11.3,4.21,2.5,21.7,3.11,True
T2-TR7-043,AN6/276,trench,Shamkya,An6,,,5.0,0.01,17.9,10.15,4.13,2.8,4.3,2.91,True
T2-TR7-044,AN6/277,trench,Shamkya,An6,,,5.0,0.01,15.5,11.3,4.88,3.5,11.0,3.41,True
T2-TR7-045,AN6/278,trench,Shamkya,An6,,,5.0,0.01,14.9,11.0,3.77,3.4,6.0,2.6,True
T2-TR7-046,AN6/279,trench,Shamkya,An6,,,5.0,0.01,17.2,10.4,4.39,4.0,2.9,3.15,True
T2-TR7-047,AN6/280,trench,Shamkya,An6,,,5.0,0.01,14.9,9.12,4.25,3.5,3.6,3.21,True
T2-TR7-048,AN6/281,trench,Shamkya,An6,,,5.0,0.01,11.9,11.9,4.12,4.5,1.4,2.53,True
T2-TR7-049,AN6/282,trench,Shamkya,An6,,,5.0,0.02,10.7,16.4,3.68,3.6,19.2,2.6,True
T2-TR5-001,AN6/283,trench,Shamkya,An6,,,5.0,0.01,21.3,10.35,6.42,4.0,1.9,3.84,True
T2-TR5-002,AN6/284,trench,Shamkya,An6,,,5.0,0.01,21.7,9.23,4.85,2.8,2.4,3.69,True
T2-TR5-003,AN6/285,trench,Shamkya,An6,,,5.0,0.01,19.9,9.14,4.29,4.0,3.6,3.31,True
T2-TR5-004,AN6/286,trench,Shamkya,An6,,,5.0,0.01,15.2,6.86,4.79,4.5,4.4,2.18,True
T2-TR5-005,AN6/287,trench,Shamkya,An6,,,5.0,0.01,12.5,0.63,5.54,6.4,11.6,1.31,True
T2-TR5-006,AN6/288,trench,Shamkya,An6,,,5.0,0.01,13.1,0.37,4.78,6.7,10.6,0.8,True
Duplicate of(T2-TR5-010),AN6/289,trench,Shamkya,An6,,,5.0,0.06,4.0,0.23,4.79,3.4,5.5,0.29,True
T2-TR5-007,AN6/290,trench,Shamkya,An6,,,5.0,0.01,8.0,0.48,4.65,4.8,10.2,0.62,True
T2-TR5-008,AN6/291,trench,Shamkya,An6,,,5.0,0.01,4.5,0.27,4.48,7.8,9.2,0.4,True
T2-TR5-009,AN6/292,trench,Shamkya,An6,,,5.0,0.06,5.0,0.38,4.74,3.4,5.2,0.28,True
T2-TR5-010,AN6/293,trench,Shamkya,An6,,,5.0,0.04,3.6,0.21,4.58,3.2,4.5,0.22,True
Blank,AN6/294,trench,Shamkya,An6,,,5.0,0.01,0.1,0.06,0.18,0.25,8.7,0.23,True
T2-TR5-011,AN6/295,trench,Shamkya,An6,,,10.0,0.01,16.0,0.75,7.27,3.1,12.1,1.19,True
T2-TR5-012,AN6/296,trench,Shamkya,An6,,,5.0,0.01,16.6,0.61,7.69,4.2,16.3,1.34,True
T2-TR5-013,AN6/297,trench,Shamkya,An6,,,5.0,0.03,14.6,0.73,9.37,8.2,23.1,1.53,True
T2-TR5-014,AN6/298,trench,Shamkya,An6,,,5.0,0.08,22.2,0.83,7.7,7.0,66.3,2.84,True
T2-TR5-015,AN6/299,trench,Shamkya,An6,,,5.0,0.02,6.8,0.75,7.62,7.4,10.4,0.99,True
T2-TR5-016,AN6/300,trench,Shamkya,An6,,,5.0,0.02,8.5,1.52,7.07,6.7,13.4,1.16,True
T2-TR5-017,AN6/301,trench,Shamkya,An6,,,5.0,0.01,21.5,4.94,5.16,4.2,23.1,3.88,True
T2-TR5-018,AN6/302,trench,Shamkya,An6,,,5.0,0.03,17.6,3.24,10.1,5.9,18.6,3.67,True
T2-TR5-019,AN6/303,trench,Shamkya,An6,,,5.0,0.01,13.5,6.44,4.77,4.1,10.7,2.78,True
T2-TR5-020,AN6/304,trench,Shamkya,An6,,,5.0,0.01,7.7,3.19,3.47,3.9,2.8,1.23,True
T2-TR5-021,AN6/305,trench,Shamkya,An6,,,5.0,0.01,16.8,1.28,8.21,5.0,11.4,1.85,True
T2-TR5-022,AN6/306,trench,Shamkya,An6,,,5.0,0.01,8.2,1.5,3.49,3.1,10.6,1.67,True
T2-TR5-023,AN6/307,trench,Shamkya,An6,,,5.0,0.01,2.3,0.71,1.23,2.6,12.5,0.73,True
T2-TR5-024,AN6/308,trench,Shamkya,An6,,,5.0,0.01,2.4,0.67,1.22,3.5,12.5,0.73,True
T2-TR5-025,AN6/309,trench,Shamkya,An6,,,5.0,0.02,7.3,1.63,3.87,3.6,13.7,1.42,True
T2-TR8-001,AN6/310,trench,Shamkya,An6,,,5.0,0.01,19.9,13.0,5.13,4.4,20.7,2.89,True
T2-TR8-002,AN6/311,trench,Shamkya,An6,,,5.0,0.01,11.3,8.87,3.43,2.9,12.2,1.83,True
T2-TR8-003,AN6/312,trench,Shamkya,An6,,,5.0,0.01,12.0,14.9,4.12,3.2,23.6,2.25,True
T2-TR8-004,AN6/313,trench,Shamkya,An6,,,5.0,0.01,13.6,9.86,4.63,3.0,22.4,2.66,True
T2-TR8-005,AN6/314,trench,Shamkya,An6,,,5.0,0.01,15.8,14.2,5.03,3.2,29.1,3.04,True
T2-TR8-006,AN6/315,trench,Shamkya,An6,,,5.0,0.01,16.0,13.9,5.07,3.3,43.8,2.98,True
T2-TR8-007,AN6/316,trench,Shamkya,An6,,,5.0,0.01,6.1,6.26,2.13,5.8,22.8,1.18,True
T2-TR8-008,AN6/317,trench,Shamkya,An6,,,5.0,0.01,2.9,4.56,1.2,4.7,13.1,0.66,True
T2-TR8-009,AN6/318,trench,Shamkya,An6,,,5.0,0.01,6.9,15.2,2.59,2.8,22.8,1.55,True
Duplicate of(T2-TR5-016),AN6/319,trench,Shamkya,An6,,,5.0,0.02,8.5,1.52,7.32,6.6,13.2,1.2,True
Blank,AN6/320,trench,Shamkya,An6,,,5.0,0.01,0.1,0.06,0.22,0.25,9.6,0.24,True
T2-TR8-010,AN6/321,trench,Shamkya,An6,,,5.0,0.01,6.1,6.89,2.21,2.5,46.6,1.3,True
T2-TR8-011,AN6/322,trench,Shamkya,An6,,,5.0,0.01,3.5,4.4,1.39,2.1,23.0,0.75,True
T2-TR8-012,AN6/323,trench,Shamkya,An6,,,5.0,0.01,5.5,8.25,2.02,4.3,38.5,1.46,True
T2-TR8-013,AN6/324,trench,Shamkya,An6,,,5.0,0.01,7.2,11.0,2.91,3.9,50.0,1.79,True
T2-TR8-014,AN6/325,trench,Shamkya,An6,,,5.0,0.01,6.8,12.6,2.62,3.8,39.6,1.49,True
T2-TR8-015,AN6/326,trench,Shamkya,An6,,,5.0,0.01,11.6,6.17,3.64,3.9,80.4,2.13,True
T2-TR8-016,AN6/327,trench,Shamkya,An6,,,5.0,0.01,12.3,14.55,4.05,5.2,24.9,2.41,True
T2-TR8-017,AN6/328,trench,Shamkya,An6,,,5.0,0.01,19.6,9.9,5.29,7.1,26.4,3.02,True
T2-TR8-018,AN6/329,trench,Shamkya,An6,,,5.0,0.01,18.2,12.6,4.16,6.8,9.8,2.74,True
T2-TR8-019,AN6/330,trench,Shamkya,An6,,,5.0,0.01,17.6,8.09,4.29,4.4,11.2,2.68,True
T2-TR8-020,AN6/331,trench,Shamkya,An6,,,5.0,0.01,18.5,6.4,5.84,3.8,15.3,3.18,True
T2-TR8-021,AN6/332,trench,Shamkya,An6,,,5.0,0.01,19.0,12.05,6.15,5.2,15.9,3.52,True
T2-TR8-022,AN6/333,trench,Shamkya,An6,,,5.0,0.01,22.3,6.39,7.63,7.1,29.4,3.68,True
T2-TR8-023,AN6/334,trench,Shamkya,An6,,,5.0,0.01,13.4,15.25,4.84,3.0,12.3,3.07,True
T2-TR8-024,AN6/335,trench,Shamkya,An6,,,5.0,0.01,5.1,4.35,5.98,6.3,7.7,0.65,True
Blank,AN6/336,trench,Shamkya,An6,,,5.0,0.01,0.1,0.07,0.21,0.25,8.6,0.23,True
T2-TR8-025,AN6/337,trench,Shamkya,An6,,,5.0,0.01,4.1,10.4,4.49,6.3,8.3,0.85,True
T2-TR8-026,AN6/338,trench,Shamkya,An6,,,5.0,0.01,12.9,13.85,4.05,2.9,5.8,2.69,True
T2-TR8-027,AN6/339,trench,Shamkya,An6,,,5.0,0.01,17.5,12.7,4.99,4.2,3.4,3.74,True
T2-TR8-028,AN6/340,trench,Shamkya,An6,,,5.0,0.01,13.1,13.95,4.2,2.7,13.3,3.14,True
T2-TR8-029,AN6/341,trench,Shamkya,An6,,,5.0,0.01,11.7,6.24,5.65,3.0,42.2,3.61,True
T2-TR8-030,AN6/342,trench,Shamkya,An6,,,5.0,0.01,12.8,9.08,4.27,3.9,59.4,3.43,True
T2-TR8-031,AN6/343,trench,Shamkya,An6,,,5.0,0.01,5.9,10.4,2.91,2.3,46.6,2.54,True
T2-TR8-032,AN6/344,trench,Shamkya,An6,,,5.0,0.01,13.1,13.9,4.99,2.6,87.6,3.34,True
T2-TR8-033,AN6/345,trench,Shamkya,An6,,,5.0,0.01,1.7,2.06,1.21,0.9,18.5,0.6,True
Duplicate of(T2-TR8-024),AN6/346,trench,Shamkya,An6,,,5.0,0.01,4.8,4.04,5.97,6.2,6.6,0.58,True
Blank,AN6/347,trench,Shamkya,An6,,,5.0,0.01,0.1,0.06,0.3,0.25,7.7,0.2,True
T2-TR8-034,AN6/348,trench,Shamkya,An6,,,5.0,0.01,6.5,9.67,1.94,1.6,7.2,1.26,True
T2-TR8-035,AN6/349,trench,Shamkya,An6,,,5.0,0.01,25.7,12.55,5.16,1.8,1.2,3.46,True
T2-TR8-036,AN6/350,trench,Shamkya,An6,,,5.0,0.01,7.0,4.84,2.64,4.4,33.5,1.89,True
T2-TR8-037,AN6/351,trench,Shamkya,An6,,,5.0,0.01,17.4,13.0,3.98,2.3,10.0,2.95,True
T2-TR8-038,AN6/352,trench,Shamkya,An6,,,5.0,0.01,19.5,12.8,5.56,5.2,4.6,4.19,True
T2-TR8-039,AN6/353,trench,Shamkya,An6,,,5.0,0.01,23.0,10.95,6.46,5.2,7.3,4.59,True
T2-TR8-040,AN6/354,trench,Shamkya,An6,,,5.0,0.01,19.8,11.05,5.96,4.0,17.5,3.63,True
T2-TR8-041,AN6/355,trench,Shamkya,An6,,,5.0,0.01,20.6,11.0,5.93,4.3,16.9,3.84,True
T2-TR8-042,AN6/356,trench,Shamkya,An6,,,5.0,0.01,12.7,11.15,4.97,3.4,13.2,2.7,True
T2-TR8-043,AN6/357,trench,Shamkya,An6,,,5.0,0.01,15.6,13.65,6.02,3.9,9.4,3.3,True
T2-TR9-001,AN6/358,trench,Shamkya,An6,,,5.0,0.01,15.8,8.51,4.43,3.6,18.7,3.25,True
T2-TR9-002,AN6/359,trench,Shamkya,An6,,,5.0,0.01,14.5,3.97,5.32,4.6,46.4,3.16,True
T2-TR9-003,AN6/360,trench,Shamkya,An6,,,10.0,0.01,16.5,11.8,5.41,3.9,21.8,2.99,True
T2-TR9-004,AN6/361,trench,Shamkya,An6,,,10.0,0.01,13.1,11.35,5.54,4.4,36.3,2.95,True
T2-TR9-005,AN6/362,trench,Shamkya,An6,,,10.0,0.01,16.4,9.24,6.17,3.3,33.9,3.74,True
T2-TR9-006,AN6/363,trench,Shamkya,An6,,,10.0,0.01,14.6,9.69,7.25,2.8,21.6,3.22,True
T2-TR9-007,AN6/364,trench,Shamkya,An6,,,10.0,0.01,16.1,11.75,5.2,1.1,31.6,2.48,True
T2-TR9-008,AN6/365,trench,Shamkya,An6,,,10.0,0.01,14.0,8.23,4.92,3.4,48.2,3.48,True
Duplicate of(T2-TR9-013),AN6/366,trench,Shamkya,An6,,,5.0,7.53,5.8,4.74,5.64,2.2,6.2,0.48,True
T2-TR9-009,AN6/367,trench,Shamkya,An6,,,5.0,0.01,12.1,7.2,4.24,3.2,17.9,2.52,True
T2-TR9-010,AN6/368,trench,Shamkya,An6,,,5.0,0.01,22.6,14.35,6.15,4.1,11.8,3.85,True
T2-TR9-011,AN6/369,trench,Shamkya,An6,,,5.0,0.01,25.4,8.5,6.68,5.6,11.5,4.41,True
T2-TR9-012,AN6/370,trench,Shamkya,An6,,,5.0,0.02,20.3,11.5,6.02,3.1,15.2,4.06,True
T2-TR9-013,AN6/371,trench,Shamkya,An6,,,5.0,4.8,5.0,4.12,5.39,1.8,5.8,0.49,True
Blank,AN6/372,trench,Shamkya,An6,,,5.0,0.01,0.1,0.06,0.23,0.25,5.7,0.18,True
T2-TR9-014,AN6/373,trench,Shamkya,An6,,,5.0,0.07,6.5,7.84,6.54,3.4,8.6,0.62,True
T2-TR9-015,AN6/374,trench,Shamkya,An6,,,5.0,0.02,7.2,10.2,6.65,2.0,5.9,0.57,True
T2-TR9-016,AN6/375,trench,Shamkya,An6,,,5.0,0.04,12.5,11.45,7.27,2.3,12.0,2.46,True
T2-TR9-017,AN6/376,trench,Shamkya,An6,,,5.0,0.02,5.1,12.35,10.2,2.8,4.4,0.47,True
T2-TR9-018,AN6/377,trench,Shamkya,An6,,,5.0,0.02,4.1,10.45,4.42,9.3,5.7,0.49,True
T2-TR9-019,AN6/378,trench,Shamkya,An6,,,5.0,0.01,12.4,19.65,3.21,3.1,4.4,2.33,True
T2-TR9-020,AN6/379,trench,Shamkya,An6,,,5.0,0.01,18.5,13.0,5.4,4.4,3.7,3.32,True
T2-TR9-021,AN6/380,trench,Shamkya,An6,,,5.0,0.01,16.9,10.15,6.09,4.0,6.2,3.13,True
T2-TR9-022,AN6/381,trench,Shamkya,An6,,,5.0,0.01,9.6,14.95,3.73,4.3,3.5,2.28,True
T2-TR9-023,AN6/382,trench,Shamkya,An6,,,5.0,0.01,6.7,19.7,2.82,3.0,1.9,1.16,True
T2-TR9-024,AN6/383,trench,Shamkya,An6,,,5.0,0.01,8.6,20.5,3.08,2.5,3.3,1.32,True
T2-TR9-025,AN6/384,trench,Shamkya,An6,,,5.0,0.01,8.4,19.55,3.42,3.2,6.3,1.47,True
T2-TR9-026,AN6/385,trench,Shamkya,An6,,,5.0,0.01,7.0,18.25,3.71,5.0,16.1,2.1,True
T2-TR10-001,AN6/386,trench,Shamkya,An6,,,5.0,0.01,1.4,1.86,1.35,2.2,5.6,0.51,True
Duplicate of(T2-TR10-012),AN6/387,trench,Shamkya,An6,,,5.0,0.02,5.8,13.25,6.16,12.5,6.7,0.72,True
T2-TR10-002,AN6/388,trench,Shamkya,An6,,,5.0,0.01,11.0,10.45,3.78,2.7,23.5,2.31,True
T2-TR10-003,AN6/389,trench,Shamkya,An6,,,5.0,0.01,13.9,11.4,5.61,5.0,16.0,2.72,True
T2-TR10-004,AN6/390,trench,Shamkya,An6,,,5.0,0.01,23.4,5.64,6.3,6.8,1.8,3.13,True
T2-TR10-005,AN6/391,trench,Shamkya,An6,,,5.0,0.02,21.5,10.45,6.51,6.0,17.5,3.21,True
T2-TR10-006,AN6/392,trench,Shamkya,An6,,,5.0,0.04,14.1,7.17,6.7,8.3,11.9,2.75,True
T2-TR10-007,AN6/393,trench,Shamkya,An6,,,5.0,0.03,19.8,8.39,7.33,8.5,33.9,3.3,True
T2-TR10-008,AN6/394,trench,Shamkya,An6,,,5.0,0.04,16.4,9.28,7.7,5.1,9.0,2.68,True
T2-TR10-009,AN6/395,trench,Shamkya,An6,,,5.0,0.02,20.7,8.99,7.09,6.3,34.8,3.37,True
T2-TR10-010,AN6/396,trench,Shamkya,An6,,,5.0,0.02,10.4,10.4,5.77,3.2,11.2,1.14,True
T2-TR10-011,AN6/397,trench,Shamkya,An6,,,5.0,0.01,9.5,10.4,7.08,7.8,9.2,1.03,True
T2-TR10-012,AN6/398,trench,Shamkya,An6,,,5.0,0.03,5.7,11.8,6.17,14.3,6.5,0.68,True
T2-TR10-013,AN6/399,trench,Shamkya,An6,,,5.0,0.04,7.2,8.39,5.56,4.8,7.5,0.51,True
Blank,AN6/400,trench,Shamkya,An6,,,5.0,0.01,0.1,0.19,0.23,0.25,4.8,0.16,True
T2-TR10-014,AN6/401,trench,Shamkya,An6,,,5.0,0.03,7.0,9.53,5.04,2.3,8.6,0.78,True
T2-TR10-015,AN6/402,trench,Shamkya,An6,,,5.0,0.04,24.3,7.55,9.65,5.1,41.6,3.21,True
T2-TR10-016,AN6/403,trench,Shamkya,An6,,,5.0,0.02,16.2,17.6,5.19,3.1,14.2,2.91,True
T2-TR10-017,AN6/404,trench,Shamkya,An6,,,5.0,0.02,16.0,16.95,4.79,3.7,6.2,2.96,True
T2-TR10-018,AN6/405,trench,Shamkya,An6,,,5.0,0.02,12.3,15.6,4.74,3.3,10.2,2.68,True
T2-TR10-019,AN6/406,trench,Shamkya,An6,,,5.0,0.01,16.9,10.9,4.5,3.2,18.0,3.71,True
T2-TR10-020,AN6/407,trench,Shamkya,An6,,,5.0,0.01,28.8,13.5,5.43,4.0,8.0,3.67,True
T2-TR10-021,AN6/408,trench,Shamkya,An6,,,5.0,0.01,28.4,13.4,5.17,3.6,2.7,3.5,True
T2-TR10-022,AN6/409,trench,Shamkya,An6,,,5.0,0.01,25.3,15.25,5.02,3.5,2.9,3.53,True
T2-T11-001,AN6/410,trench,Shamkya,An6,,,5.0,0.01,16.2,10.8,5.01,4.5,21.7,3.16,True
T2-T11-002,AN6/411,trench,Shamkya,An6,,,5.0,0.01,20.3,13.75,5.43,4.4,22.0,3.06,True
T2-T11-003,AN6/412,trench,Shamkya,An6,,,5.0,0.01,16.7,12.75,6.22,4.5,29.9,2.89,True
Duplicate of(T2-T11-007),AN6/413,trench,Shamkya,An6,,,5.0,0.04,3.4,7.01,2.77,3.9,11.4,0.82,True
T2-T11-004,AN6/414,trench,Shamkya,An6,,,5.0,0.01,5.9,7.89,3.59,4.1,20.1,2.16,True
T2-T11-005,AN6/415,trench,Shamkya,An6,,,5.0,0.01,17.9,13.4,5.68,3.5,76.4,3.53,True
T2-T11-006,AN6/416,trench,Shamkya,An6,,,5.0,0.02,12.9,19.45,4.3,2.9,55.5,2.55,True
T2-T11-007,AN6/417,trench,Shamkya,An6,,,5.0,0.03,3.3,7.4,2.64,4.0,10.4,0.75,True
Blank,AN6/418,trench,Shamkya,An6,,,5.0,0.01,0.1,0.07,0.21,0.25,7.4,0.19,True
T2-T11-008,AN6/419,trench,Shamkya,An6,,,5.0,0.01,7.2,8.9,3.97,2.8,20.1,1.49,True
T2-T11-009,AN6/420,trench,Shamkya,An6,,,5.0,0.01,26.2,14.95,3.45,1.7,18.7,2.54,True
T2-T11-010,AN6/421,trench,Shamkya,An6,,,5.0,0.01,11.6,11.55,3.86,2.2,17.1,1.68,True
T2-T11-011,AN6/422,trench,Shamkya,An6,,,5.0,0.01,4.4,6.64,4.54,2.8,12.7,1.03,True
T2-T11-012,AN6/423,trench,Shamkya,An6,,,5.0,0.02,5.9,11.15,3.81,2.4,9.1,1.41,True
T2-T11-013,AN6/424,trench,Shamkya,An6,,,5.0,0.01,11.4,11.65,6.8,2.0,13.0,2.13,True
T2-T11-014,AN6/425,trench,Shamkya,An6,,,5.0,0.02,6.2,10.15,5.11,3.8,11.0,0.76,True
T2-T11-015,AN6/426,trench,Shamkya,An6,,,5.0,0.02,3.5,6.13,4.62,2.7,7.2,0.49,True
T2-T11-016,AN6/427,trench,Shamkya,An6,,,5.0,0.03,5.4,11.0,4.59,2.8,10.6,1.22,True
T2-T11-017,AN6/428,trench,Shamkya,An6,,,5.0,0.02,12.4,16.65,3.91,4.0,7.7,1.93,True
T2-T11-018,AN6/429,trench,Shamkya,An6,,,5.0,0.01,10.6,12.95,3.96,3.1,41.8,2.91,True
T2-T11-019,AN6/430,trench,Shamkya,An6,,,5.0,0.01,10.8,13.05,3.81,2.7,34.8,2.77,True
T2-T11-020,AN6/431,trench,Shamkya,An6,,,5.0,0.01,12.0,15.35,3.72,3.7,25.9,2.52,True
T2-T11-021,AN6/432,trench,Shamkya,An6,,,5.0,0.01,2.0,0.86,1.17,1.5,25.9,0.63,True
T2-T11-022,AN6/433,trench,Shamkya,An6,,,5.0,0.01,0.7,0.56,0.81,1.3,4.7,0.28,True
T2-TR12-001,AN6/434,trench,Shamkya,An6,,,5.0,0.01,3.9,23.8,1.61,1.3,4.8,0.71,True
Duplicate of(T2-TR13-007),AN6/435,trench,Shamkya,An6,,,5.0,0.01,2.4,2.48,2.68,1.2,5.4,0.67,True
Blank,AN6/436,trench,Shamkya,An6,,,5.0,0.01,0.2,0.15,0.36,0.25,6.7,0.19,True
T2-TR12-002,AN6/437,trench,Shamkya,An6,,,5.0,0.01,9.7,17.2,3.26,3.1,15.8,2.16,True
T2-TR12-003,AN6/438,trench,Shamkya,An6,,,5.0,0.01,12.4,13.85,3.69,4.2,22.4,2.84,True
T2-TR12-004,AN6/439,trench,Shamkya,An6,,,5.0,0.01,10.1,13.35,4.89,2.9,55.5,2.36,True
T2-TR12-005,AN6/440,trench,Shamkya,An6,,,5.0,0.01,13.3,16.15,6.55,2.0,43.2,2.25,True
T2-TR12-006,AN6/441,trench,Shamkya,An6,,,5.0,0.01,8.0,3.05,3.97,4.4,68.9,2.35,True
T2-TR12-007,AN6/442,trench,Shamkya,An6,,,5.0,0.01,8.5,4.29,3.87,1.4,37.9,1.36,True
T2-TR12-008,AN6/443,trench,Shamkya,An6,,,5.0,0.01,7.7,9.55,4.28,2.2,9.9,0.71,True
T2-TR12-009,AN6/444,trench,Shamkya,An6,,,5.0,0.02,3.6,11.0,3.39,3.1,8.3,0.59,True
T2-TR12-010,AN6/445,trench,Shamkya,An6,,,5.0,0.01,1.4,1.65,1.01,2.1,4.0,0.35,True
T2-TR12-011,AN6/446,trench,Shamkya,An6,,,5.0,0.01,1.1,3.9,0.74,1.7,3.1,0.35,True
T2-TR12-012,AN6/447,trench,Shamkya,An6,,,10.0,0.01,2.6,9.34,1.2,1.4,3.9,0.65,True
T2-TR12-013,AN6/448,trench,Shamkya,An6,,,5.0,0.01,14.3,15.4,4.0,4.0,3.7,2.64,True
T2-TR12-014,AN6/449,trench,Shamkya,An6,,,5.0,0.01,18.1,13.5,4.73,4.4,1.5,3.03,True
T2-TR12-015,AN6/450,trench,Shamkya,An6,,,5.0,0.01,16.1,12.95,4.91,5.1,4.2,2.78,True
T2-TR13-004,AN6/451,trench,Shamkya,An6,,,5.0,0.01,11.0,7.88,5.01,2.7,7.9,3.09,True
T2-TR13-005,AN6/452,trench,Shamkya,An6,,,5.0,0.01,20.3,3.51,7.83,1.5,6.3,4.75,True
T2-TR13-006,AN6/453,trench,Shamkya,An6,,,5.0,0.01,14.8,3.23,6.89,1.4,8.1,4.01,True
T2-TR13-007,AN6/454,trench,Shamkya,An6,,,5.0,0.01,2.6,2.71,3.01,1.2,5.8,0.76,True
T2-TR13-008,AN6/455,trench,Shamkya,An6,,,5.0,0.01,1.2,3.42,1.32,1.7,6.2,0.42,True
T2-TR13-009,AN6/456,trench,Shamkya,An6,,,5.0,0.01,4.6,2.02,4.44,3.5,13.1,1.4,True
Duplicate of(T2-TR14-025),AN6/457,trench,Shamkya,An6,,,5.0,0.01,3.4,5.83,3.8,3.2,6.6,0.54,True
Blank,AN6/458,trench,Shamkya,An6,,,5.0,0.01,0.1,0.15,0.3,0.25,6.1,0.18,True
T2-TR13-010,AN6/459,trench,Shamkya,An6,,,5.0,0.01,0.9,0.71,1.25,0.9,5.3,0.7,True
T2-TR13-011,AN6/460,trench,Shamkya,An6,,,5.0,0.01,0.9,0.3,1.02,0.9,6.0,0.52,True
T2-TR13-012,AN6/461,trench,Shamkya,An6,,,5.0,0.01,0.4,0.15,0.74,0.25,3.2,0.32,True
T2-TR13-013,AN6/462,trench,Shamkya,An6,,,5.0,0.01,0.6,0.25,0.86,0.7,4.2,0.42,True
T2-TR13-014,AN6/463,trench,Shamkya,An6,,,5.0,0.01,0.9,1.9,0.87,0.5,5.0,0.54,True
T2-TR14-002,AN6/464,trench,Shamkya,An6,,,5.0,0.01,14.5,5.08,2.91,3.1,8.7,2.01,True
T2-TR14-003,AN6/465,trench,Shamkya,An6,,,5.0,0.01,11.5,8.04,3.51,3.6,31.7,2.3,True
T2-TR14-004,AN6/466,trench,Shamkya,An6,,,5.0,0.01,9.4,3.97,3.04,3.2,33.9,1.54,True
T2-TR14-018,AN6/467,trench,Shamkya,An6,,,5.0,0.01,8.6,8.49,3.51,4.1,12.3,1.89,True
T2-TR14-019,AN6/468,trench,Shamkya,An6,,,5.0,0.01,15.0,11.8,4.17,4.2,16.3,2.75,True
T2-TR14-020,AN6/469,trench,Shamkya,An6,,,5.0,0.01,19.0,11.1,4.79,3.8,30.0,3.38,True
T2-TR14-024,AN6/470,trench,Shamkya,An6,,,5.0,0.01,5.2,7.77,4.09,2.9,10.5,1.04,True
T2-TR14-025,AN6/471,trench,Shamkya,An6,,,5.0,0.01,3.6,5.81,3.68,3.2,6.9,0.51,True
T2-TR14-026,AN6/472,trench,Shamkya,An6,,,5.0,0.01,13.5,7.96,5.33,3.1,19.1,2.68,True
T2-TR14-027,AN6/473,trench,Shamkya,An6,,,5.0,0.01,12.4,15.45,3.7,3.2,9.0,2.39,True
T2-TR14-028,AN6/474,trench,Shamkya,An6,,,5.0,0.01,12.8,15.2,4.12,3.6,10.4,2.78,True
Triplicate(T2-TR13-007),AN6/475,trench,Shamkya,An6,,,5.0,0.01,2.7,2.61,2.91,1.3,6.1,0.69,True
Blank,AN6/476,trench,Shamkya,An6,,,5.0,0.01,0.1,0.16,0.3,0.25,6.5,0.18,True
T2-TR14-029,AN6/477,trench,Shamkya,An6,,,5.0,0.01,8.1,9.94,3.67,2.1,32.9,2.18,True
T2-TR15-002,AN6/478,trench,Shamkya,An6,,,5.0,0.01,13.7,6.46,3.46,3.5,2.6,2.28,True
T2-TR15-003,AN6/479,trench,Shamkya,An6,,,5.0,0.01,17.6,8.59,3.58,3.2,3.4,2.55,True
T2-TR15-004,AN6/480,trench,Shamkya,An6,,,5.0,0.01,12.0,7.51,4.02,2.7,3.3,2.65,True
T2-TR15-005,AN6/481,trench,Shamkya,An6,,,5.0,0.01,13.2,8.22,3.78,3.0,2.8,2.45,True
T2-TR15-006,AN6/482,trench,Shamkya,An6,,,5.0,0.01,16.3,10.0,4.41,3.0,3.1,2.78,True
T2-TR15-007,AN6/483,trench,Shamkya,An6,,,5.0,0.01,16.5,10.75,5.11,2.9,3.3,3.13,True
T2-TR15-008,AN6/484,trench,Shamkya,An6,,,5.0,0.01,19.3,11.55,5.35,3.4,1.5,3.3,True
T2-TR15-009,AN6/485,trench,Shamkya,An6,,,5.0,0.01,17.0,12.2,4.52,4.0,1.5,2.91,True
T2-TR15-010,AN6/486,trench,Shamkya,An6,,,5.0,0.01,16.4,13.45,4.42,4.0,2.3,2.88,True
T2-TR15-011,AN6/487,trench,Shamkya,An6,,,5.0,0.01,16.1,10.7,4.59,5.0,5.2,2.79,True
T2-TR15-012,AN6/488,trench,Shamkya,An6,,,5.0,0.01,11.3,10.6,4.49,3.4,11.3,2.49,True
T2-TR15-013,AN6/489,trench,Shamkya,An6,,,5.0,0.01,20.4,11.35,6.03,3.8,28.1,3.63,True
T2-TR15-014,AN6/490,trench,Shamkya,An6,,,5.0,0.01,5.8,7.28,2.73,1.9,7.4,1.46,True
T2-TR15-015,AN6/491,trench,Shamkya,An6,,,5.0,0.01,1.0,3.15,1.45,4.5,9.2,1.49,True
T2-TR15-016,AN6/492,trench,Shamkya,An6,,,5.0,0.02,7.0,5.81,5.36,1.8,9.6,1.03,True
T2-TR15-017,AN6/493,trench,Shamkya,An6,,,5.0,0.09,7.5,7.26,6.9,4.0,9.9,0.7,True
T2-TR15-018,AN6/494,trench,Shamkya,An6,,,5.0,0.05,8.4,6.95,7.25,11.5,12.5,1.33,True
Duplicate of(T2-TR15-016),AN6/495,trench,Shamkya,An6,,,5.0,0.01,6.8,5.68,5.37,1.7,9.3,1.04,True
Blank,AN6/496,trench,Shamkya,An6,,,5.0,0.01,0.1,0.13,0.31,0.25,7.1,0.19,True
T2-TR15-019,AN6/497,trench,Shamkya,An6,,,5.0,0.02,3.5,3.04,3.87,3.9,8.6,0.92,True
T2-TR15-020,AN6/498,trench,Shamkya,An6,,,5.0,0.02,7.0,2.25,4.61,3.7,10.2,1.7,True
T2-TR15-021,AN6/499,trench,Shamkya,An6,,,5.0,0.01,11.8,3.32,4.9,2.7,12.0,3.45,True
T2-TR15-022,AN6/500,trench,Shamkya,An6,,,5.0,0.01,13.0,3.08,4.42,3.4,10.3,2.68,True
T2-TR15-023,AN6/501,trench,Shamkya,An6,,,5.0,0.01,12.1,6.34,4.07,3.1,5.6,2.67,True
T2-TR16-002,AN6/502,trench,Shamkya,An6,,,5.0,0.01,15.3,14.25,3.72,2.8,7.6,2.83,True
T2-TR16-003,AN6/503,trench,Shamkya,An6,,,5.0,0.01,20.9,12.4,4.18,3.0,2.9,3.24,True
T2-TR16-004,AN6/504,trench,Shamkya,An6,,,5.0,0.01,13.5,9.8,4.5,2.8,8.4,2.94,True
T2-TR16-005,AN6/505,trench,Shamkya,An6,,,5.0,0.01,12.7,13.0,4.19,2.5,9.5,2.74,True
T2-TR16-006,AN6/506,trench,Shamkya,An6,,,5.0,0.01,10.7,10.15,4.58,3.0,31.2,3.04,True
T2-TR16-007,AN6/507,trench,Shamkya,An6,,,5.0,0.01,5.6,5.56,4.64,1.8,9.3,0.85,True
T2-TR16-008,AN6/508,trench,Shamkya,An6,,,5.0,0.02,11.4,9.41,6.31,2.4,43.4,2.44,True
T2-TR16-009,AN6/509,trench,Shamkya,An6,,,5.0,0.01,11.4,5.93,5.05,2.3,26.1,2.77,True
T2-TR16-010,AN6/510,trench,Shamkya,An6,,,5.0,0.01,7.2,2.9,4.4,2.2,23.1,2.24,True
T2-TR16-011,AN6/511,trench,Shamkya,An6,,,5.0,0.01,15.4,15.75,4.32,2.0,4.0,2.92,True
T2-TR16-012,AN6/512,trench,Shamkya,An6,,,5.0,0.03,7.3,7.4,4.49,1.8,16.6,2.51,True
T2-TR16-013,AN6/513,trench,Shamkya,An6,,,5.0,0.01,15.2,6.43,5.68,2.2,42.7,3.94,True
Duplicate of(T2-TR16-021),AN6/514,trench,Shamkya,An6,,,5.0,0.01,7.7,11.05,4.35,2.6,8.4,0.75,True
T2-TR16-014,AN6/515,trench,Shamkya,An6,,,5.0,0.01,21.3,10.4,5.49,2.6,27.4,3.93,True
T2-TR16-015,AN6/516,trench,Shamkya,An6,,,5.0,0.01,18.2,7.47,6.97,2.2,41.4,4.11,True
T2-TR16-016,AN6/517,trench,Shamkya,An6,,,5.0,0.01,6.4,9.67,5.93,2.1,12.8,1.51,True
T2-TR16-017,AN6/518,trench,Shamkya,An6,,,5.0,0.01,5.3,2.3,3.96,2.9,25.4,1.38,True
T2-TR16-018,AN6/519,trench,Shamkya,An6,,,5.0,0.01,11.1,7.97,6.48,2.3,6.6,2.95,True
T2-TR16-019,AN6/520,trench,Shamkya,An6,,,5.0,0.01,12.6,4.38,5.95,0.8,10.5,2.03,True
T2-TR16-020,AN6/521,trench,Shamkya,An6,,,5.0,0.01,12.7,9.2,5.87,2.5,20.3,1.79,True
T2-TR16-021,AN6/522,trench,Shamkya,An6,,,5.0,0.01,7.9,11.65,4.39,2.5,8.7,0.74,True
Blank,AN6/523,trench,Shamkya,An6,,,5.0,0.01,0.1,0.15,0.38,0.25,7.7,0.23,True
T2-TR16-022,AN6/524,trench,Shamkya,An6,,,5.0,0.01,10.7,14.7,4.65,6.3,10.1,0.94,True
T2-TR16-023,AN6/525,trench,Shamkya,An6,,,5.0,0.01,6.1,11.65,3.63,3.4,12.4,1.12,True
T2-TR16-024,AN6/526,trench,Shamkya,An6,,,5.0,0.01,8.7,12.45,4.26,3.6,19.5,1.67,True
T2-TR16-025,AN6/527,trench,Shamkya,An6,,,5.0,0.01,8.8,10.75,3.01,2.4,14.7,2.11,True
T2-TR17-001,AN6/528,trench,Shamkya,An6,,,5.0,0.01,7.8,7.37,3.73,2.1,46.8,2.38,True
T2-TR17-002,AN6/529,trench,Shamkya,An6,,,5.0,0.01,12.1,15.5,4.2,2.5,8.7,2.45,True
T2-TR17-003,AN6/530,trench,Shamkya,An6,,,5.0,0.02,13.2,14.9,5.93,3.0,35.0,2.87,True
T2-TR17-004,AN6/531,trench,Shamkya,An6,,,5.0,0.01,12.3,12.1,4.37,2.6,12.1,2.78,True
Duplicate of(T2-TR17-002),AN6/532,trench,Shamkya,An6,,,5.0,0.01,12.2,15.6,4.26,2.4,9.1,2.52,True
Blank,AN6/533,trench,Shamkya,An6,,,5.0,0.01,0.1,0.19,0.44,0.25,8.1,0.24,True
T2-TR17-005,AN6/534,trench,Shamkya,An6,,,5.0,0.01,14.2,10.45,4.94,2.8,20.1,3.31,True
T2-TR17-008,AN6/535,trench,Shamkya,An6,,,5.0,0.01,13.2,13.55,4.61,4.2,5.3,2.93,True
T2-TR17-009,AN6/536,trench,Shamkya,An6,,,5.0,0.01,14.2,11.55,4.47,3.6,1.2,2.8,True
T2-TR17-010,AN6/537,trench,Shamkya,An6,,,5.0,0.01,15.6,12.95,4.61,3.4,1.4,3.07,True
T2-TR17-017,AN6/538,trench,Shamkya,An6,,,5.0,0.01,10.0,13.8,3.91,2.0,22.6,2.2,True
T2-TR17-021,AN6/539,trench,Shamkya,An6,,,5.0,0.01,17.6,16.45,4.11,2.5,1.6,2.89,True
T2-TR17-022,AN6/540,trench,Shamkya,An6,,,5.0,0.01,16.7,13.5,4.66,2.9,3.7,3.0,True
T2-TR17-023,AN6/541,trench,Shamkya,An6,,,5.0,0.01,19.3,15.45,4.43,3.3,6.7,3.17,True
T3-TR1-003,AN6/542,trench,Shamkya,An6,,,5.0,0.01,4.4,2.09,6.36,7.0,22.3,1.46,True
T3-TR1-004,AN6/543,trench,Shamkya,An6,,,5.0,0.01,3.9,0.68,1.62,5.7,7.6,0.59,True
T3-TR1-005,AN6/544,trench,Shamkya,An6,,,5.0,0.01,5.2,0.59,3.9,6.7,5.9,0.71,True
Blank,AN6/545,trench,Shamkya,An6,,,5.0,0.01,0.1,0.16,0.42,0.25,10.7,0.34,True
T3-TR1-006,AN6/546,trench,Shamkya,An6,,,5.0,0.01,10.4,2.72,6.56,7.7,47.4,1.54,True
T3-TR1-007,AN6/547,trench,Shamkya,An6,,,5.0,0.01,2.2,1.51,2.41,6.8,12.1,0.62,True
T3-TR1-008,AN6/548,trench,Shamkya,An6,,,5.0,0.01,2.2,0.8,2.34,9.0,13.6,0.61,True
Duplicate of(T3-TR1-005),AN6/549,trench,Shamkya,An6,,,5.0,0.01,5.2,0.6,3.88,6.4,6.2,0.71,True
T3-TR2-003,AN6/550,trench,Shamkya,An6,,,5.0,0.09,6.6,2.43,3.91,11.2,26.4,1.69,True
T3-TR2-004,AN6/551,trench,Shamkya,An6,,,5.0,0.02,5.8,2.27,3.73,9.3,26.2,1.27,True
T3-TR2-008,AN6/552,trench,Shamkya,An6,,,5.0,0.01,6.0,2.13,5.78,9.3,9.0,0.77,True
T3-TR2-009,AN6/553,trench,Shamkya,An6,,,5.0,0.01,6.8,3.75,6.07,8.1,7.9,0.85,True
T3-TR2-010,AN6/554,trench,Shamkya,An6,,,5.0,0.01,7.7,2.68,6.28,7.8,8.3,0.65,True
T3-TR2-011,AN6/555,trench,Shamkya,An6,,,5.0,0.01,4.4,1.87,4.51,4.8,4.5,0.53,True
T3-TR3-013,AN6/556,trench,Shamkya,An6,,,5.0,0.01,5.4,1.09,3.96,13.3,27.3,1.16,True
T3-TR3-014,AN6/557,trench,Shamkya,An6,,,5.0,0.01,9.0,2.17,4.92,10.0,31.3,1.81,True
Duplicate of(T3-TR3-020),AN6/558,trench,Shamkya,An6,,,5.0,0.01,3.3,0.97,2.0,4.6,9.0,0.5,True
Blank,AN6/559,trench,Shamkya,An6,,,5.0,0.01,0.1,0.12,0.2,0.25,4.8,0.15,True
T3-TR3-017,AN6/560,trench,Shamkya,An6,,,5.0,0.01,5.3,1.81,4.14,7.4,13.2,1.24,True
T3-TR3-018,AN6/561,trench,Shamkya,An6,,,5.0,0.02,8.5,2.31,5.07,10.3,30.1,1.78,True
T3-TR3-019,AN6/562,trench,Shamkya,An6,,,5.0,0.02,4.0,2.29,3.13,8.7,12.7,1.19,True
T3-TR3-020,AN6/563,trench,Shamkya,An6,,,5.0,0.01,3.2,0.97,1.92,4.7,8.9,0.5,True
T3-TR3-021,AN6/564,trench,Shamkya,An6,,,5.0,0.01,3.2,0.5,4.11,2.9,5.3,0.35,True
T3-TR3-022,AN6/565,trench,Shamkya,An6,,,5.0,0.05,2.1,0.39,2.58,3.1,4.3,0.27,True
T3-TR3-023,AN6/566,trench,Shamkya,An6,,,5.0,0.01,9.0,1.19,7.61,9.6,22.5,1.2,True
T3-TR4-005,AN6/567,trench,Shamkya,An6,,,5.0,0.03,0.8,0.12,2.14,6.6,2.1,0.26,True
T3-TR5-003,AN6/568,trench,Shamkya,An6,,,5.0,0.01,2.6,0.95,2.53,9.1,10.0,0.9,True
Duplicate of(T3-TR5-007),AN6/569,trench,Shamkya,An6,,,5.0,0.01,2.1,1.08,3.65,3.3,3.6,0.22,True
T3-TR5-004,AN6/570,trench,Shamkya,An6,,,5.0,0.01,4.9,3.15,3.82,9.0,15.6,1.46,True
T3-TR5-005,AN6/571,trench,Shamkya,An6,,,5.0,0.01,1.8,2.57,2.31,5.7,9.7,1.07,True
T3-TR5-006,AN6/572,trench,Shamkya,An6,,,5.0,0.01,2.0,1.59,2.4,5.4,8.6,1.07,True
T3-TR5-007,AN6/573,trench,Shamkya,An6,,,5.0,0.34,2.1,1.15,3.92,3.6,4.4,0.27,True
Blank,AN6/574,trench,Shamkya,An6,,,5.0,0.01,0.1,0.17,0.21,0.25,4.6,0.16,True
T3-TR5-008,AN6/575,trench,Shamkya,An6,,,5.0,0.01,1.5,0.53,2.99,3.5,4.9,0.35,True
T3-TR5-009,AN6/576,trench,Shamkya,An6,,,5.0,0.01,1.2,1.83,1.9,4.2,5.0,0.42,True
T3-TR5-010,AN6/577,trench,Shamkya,An6,,,5.0,0.01,4.0,2.8,4.16,5.5,8.9,0.71,True
T3-TR5-011,AN6/578,trench,Shamkya,An6,,,5.0,0.01,2.1,2.47,2.8,4.7,5.4,0.59,True
T3-TR5-012,AN6/579,trench,Shamkya,An6,,,5.0,0.01,1.8,2.37,2.3,4.8,4.8,0.56,True
T3-TR5-013,AN6/580,trench,Shamkya,An6,,,5.0,0.01,0.6,1.8,0.64,2.7,3.4,0.37,True
T3-TR5-014,AN6/581,trench,Shamkya,An6,,,5.0,0.01,1.3,1.54,1.54,3.6,4.6,0.46,True
T3-TR6-001,AN6/582,trench,Shamkya,An6,,,5.0,0.01,2.3,0.23,2.36,5.1,13.0,0.76,True
T3-TR6-002,AN6/583,trench,Shamkya,An6,,,5.0,0.01,1.9,0.6,1.97,3.8,8.7,0.93,True
T3-TR6-003,AN6/584,trench,Shamkya,An6,,,5.0,0.01,2.3,0.64,2.47,7.4,19.3,0.89,True
T3-TR6-004,AN6/585,trench,Shamkya,An6,,,5.0,0.02,3.0,1.59,3.05,5.7,9.2,0.94,True
Duplicate of(T3-TR7-008),AN6/586,trench,Shamkya,An6,,,5.0,0.69,1.7,0.02,3.18,1.6,3.5,0.15,True
Blank,AN6/587,trench,Shamkya,An6,,,5.0,0.01,0.1,0.14,0.21,0.25,5.4,0.17,True
T3-TR6-005,AN6/588,trench,Shamkya,An6,,,5.0,0.02,3.3,0.6,3.69,5.4,8.0,0.72,True
T3-TR6-006,AN6/589,trench,Shamkya,An6,,,5.0,0.01,1.8,0.27,2.6,3.4,5.3,0.37,True
T3-TR6-007,AN6/590,trench,Shamkya,An6,,,5.0,0.01,1.2,0.72,1.96,3.0,4.4,0.38,True
T3-TR6-008,AN6/591,trench,Shamkya,An6,,,5.0,0.01,1.0,0.98,2.83,3.3,4.9,0.56,True
T3-TR6-009,AN6/592,trench,Shamkya,An6,,,5.0,0.03,1.7,1.26,3.92,4.7,4.2,0.44,True
T3-TR6-010,AN6/593,trench,Shamkya,An6,,,5.0,0.01,2.2,0.51,3.86,5.1,11.7,0.67,True
T3-TR6-011,AN6/594,trench,Shamkya,An6,,,5.0,0.01,4.2,0.27,3.04,7.1,34.9,1.18,True
T3-TR6-012,AN6/595,trench,Shamkya,An6,,,5.0,0.01,0.7,0.42,2.05,3.0,5.6,0.69,True
T3-TR6-013,AN6/596,trench,Shamkya,An6,,,5.0,0.01,1.2,0.48,2.89,4.0,6.7,0.59,True
T3-TR6-014,AN6/597,trench,Shamkya,An6,,,5.0,0.01,2.0,2.02,2.58,4.0,10.1,1.0,True
T3-TR7-005,AN6/598,trench,Shamkya,An6,,,5.0,0.02,3.1,0.16,3.65,5.7,24.5,0.86,True
T3-TR7-006,AN6/599,trench,Shamkya,An6,,,5.0,0.01,1.5,0.05,2.51,3.1,5.2,0.45,True
T3-TR7-007,AN6/600,trench,Shamkya,An6,,,5.0,0.01,2.6,0.03,3.41,1.8,3.7,0.17,True
T3-TR7-008,AN6/601,trench,Shamkya,An6,,,5.0,0.26,1.5,0.02,2.96,1.8,3.5,0.15,True
T3-TR7-009,AN6/602,trench,Shamkya,An6,,,5.0,0.01,1.6,0.07,2.12,3.2,5.4,0.33,True
T3-TR7-010,AN6/603,trench,Shamkya,An6,,,5.0,0.01,2.3,0.09,1.91,3.5,5.3,0.45,True
T3-TR7-011,AN6/604,trench,Shamkya,An6,,,5.0,0.01,3.1,0.05,2.78,4.3,4.8,0.39,True
T3-TR7-012,AN6/605,trench,Shamkya,An6,,,5.0,0.01,1.5,0.12,2.51,4.4,5.3,0.47,True
T3-TR7-013,AN6/606,trench,Shamkya,An6,,,5.0,0.08,2.4,0.07,2.74,5.0,4.1,0.36,True
Duplicate of(An6-T3-TR8-009),AN6/607,trench,Shamkya,An6,,,5.0,0.01,1.7,0.04,1.59,3.1,4.9,0.23,True
T3-TR7-014,AN6/608,trench,Shamkya,An6,,,5.0,0.01,2.0,0.04,1.83,4.3,2.5,0.32,True
An6-T3-TR8-008,AN6/609,trench,Shamkya,An6,,,5.0,0.01,1.8,0.1,1.62,3.6,5.1,0.36,True
An6-T3-TR8-009,AN6/610,trench,Shamkya,An6,,,5.0,0.01,1.7,0.04,1.53,3.1,4.4,0.21,True
Blank,AN6/611,trench,Shamkya,An6,,,5.0,0.01,0.1,0.1,0.21,0.25,5.5,0.18,True
An6-T3-TR8-010,AN6/612,trench,Shamkya,An6,,,5.0,0.01,1.2,0.06,2.33,2.2,3.6,0.3,True
An6-T3-TR8-011,AN6/613,trench,Shamkya,An6,,,5.0,0.01,2.8,0.05,4.0,3.0,3.8,0.33,True
An6-T3-TR8-012,AN6/614,trench,Shamkya,An6,,,5.0,0.01,3.7,0.09,3.2,3.1,5.0,0.4,True
An6-T3-TR9-001,AN6/615,trench,Shamkya,An6,,,5.0,0.03,3.1,0.22,2.38,4.9,8.5,0.68,True
An6-T3-TR9-002,AN6/616,trench,Shamkya,An6,,,5.0,0.02,3.1,0.85,2.55,5.0,14.8,0.85,True
An6-T3-TR9-003,AN6/617,trench,Shamkya,An6,,,5.0,0.01,1.8,0.16,2.11,5.4,9.4,0.57,True
An6-T3-TR9-004,AN6/618,trench,Shamkya,An6,,,5.0,0.01,2.3,0.89,2.15,3.4,12.7,0.82,True
Duplicate of(An6-T3-TR9-003),AN6/619,trench,Shamkya,An6,,,5.0,0.01,1.9,0.17,2.18,5.7,9.9,0.57,True
An6-T3-TR9-005,AN6/620,trench,Shamkya,An6,,,5.0,0.01,2.1,0.31,2.08,4.0,9.1,0.49,True
An6-T3-TR9-006,AN6/621,trench,Shamkya,An6,,,5.0,0.01,2.3,0.3,2.36,4.1,8.4,0.6,True
An6-T3-TR9-007,AN6/622,trench,Shamkya,An6,,,5.0,0.01,2.2,0.25,3.22,4.5,5.1,0.37,True
An6-T3-TR9-008,AN6/623,trench,Shamkya,An6,,,5.0,0.01,1.4,0.09,1.84,2.8,4.7,0.36,True
An6-T3-TR9-009,AN6/624,trench,Shamkya,An6,,,5.0,0.01,2.0,0.09,1.48,2.4,4.4,0.32,True
An6-T3-TR9-010,AN6/625,trench,Shamkya,An6,,,5.0,0.01,7.5,0.1,3.38,3.0,5.7,0.45,True
An6-T3-TR9-013,AN6/626,trench,Shamkya,An6,,,5.0,0.01,3.7,0.36,1.99,3.6,3.7,0.41,True
An6-T3-TR9-014,AN6/627,trench,Shamkya,An6,,,5.0,0.01,3.2,0.72,3.98,3.9,5.2,0.46,True
An6-T3-TR9-015,AN6/628,trench,Shamkya,An6,,,5.0,0.01,3.2,0.17,3.13,4.3,7.1,0.55,True
Duplcate(An6-T3-TR9-009),AN6/629,trench,Shamkya,An6,,,5.0,0.01,2.0,0.1,1.48,2.4,4.5,0.34,True
Blank,AN6/630,trench,Shamkya,An6,,,5.0,0.01,0.1,0.15,0.21,0.25,5.4,0.18,True
An6-T3-TR9-016,AN6/631,trench,Shamkya,An6,,,5.0,0.01,6.9,0.28,6.3,5.7,13.2,0.96,True
An6-T3-TR9-017,AN6/632,trench,Shamkya,An6,,,5.0,0.01,1.8,0.28,2.84,5.0,9.6,0.57,True
An6-T3-TR9-018,AN6/633,trench,Shamkya,An6,,,5.0,0.01,2.1,0.4,3.8,4.0,6.7,0.43,True
An6-T3-TR9-019,AN6/634,trench,Shamkya,An6,,,5.0,0.01,3.4,0.25,2.69,2.3,4.1,0.25,True
An6-T3-TR9-020,AN6/635,trench,Shamkya,An6,,,5.0,0.01,7.5,0.63,3.59,3.9,4.7,0.48,True
An6-T3-TR9-021,AN6/636,trench,Shamkya,An6,,,5.0,0.01,9.5,0.26,4.47,4.0,4.3,0.51,True
An6-T3-TR9-022,AN6/637,trench,Shamkya,An6,,,5.0,0.01,9.8,0.26,4.24,5.0,5.7,0.59,True
An6-T3-TR9-025,AN6/638,trench,Shamkya,An6,,,5.0,0.01,3.3,0.13,2.73,3.4,5.7,0.4,True
An6-T3-TR9-026,AN6/639,trench,Shamkya,An6,,,5.0,0.01,5.8,0.14,3.56,3.2,5.6,0.37,True
Duplicate of(An6-T3-TR9-025),AN6/640,trench,Shamkya,An6,,,5.0,0.01,3.1,0.13,2.64,3.3,5.6,0.4,True
Blank,AN6/641,trench,Shamkya,An6,,,5.0,0.01,0.1,0.15,0.18,0.25,4.6,0.16,True
An6-T3-TR9-027,AN6/642,trench,Shamkya,An6,,,5.0,0.01,2.7,0.15,2.33,4.3,6.3,0.53,True
An6-T3-TR9-035,AN6/643,trench,Shamkya,An6,,,5.0,0.01,1.8,0.06,2.77,2.9,3.1,0.58,True
An6-T3-TR9-036,AN6/644,trench,Shamkya,An6,,,5.0,0.01,2.1,0.05,2.36,2.8,4.0,0.52,True
An6-T3-TR9-037,AN6/645,trench,Shamkya,An6,,,5.0,0.01,3.8,0.04,2.41,2.3,2.7,0.23,True
An6-T3-TR9-038,AN6/646,trench,Shamkya,An6,,,5.0,0.01,2.9,0.05,2.95,2.6,3.9,0.38,True
An6-T3-TR9-039,AN6/647,trench,Shamkya,An6,,,5.0,0.01,15.0,0.13,9.12,4.6,5.7,0.71,True
An6-T3-TR9-040,AN6/648,trench,Shamkya,An6,,,5.0,0.01,4.8,0.05,2.39,2.2,2.9,0.22,True
An6-T3-TR9-041,AN6/649,trench,Shamkya,An6,,,5.0,0.01,9.8,0.15,8.54,4.0,6.0,0.59,True
An6-T3-TR9-042,AN6/650,trench,Shamkya,An6,,,5.0,0.01,8.3,0.15,5.16,4.0,6.1,0.59,True
An6-T3-TR9-043,AN6/651,trench,Shamkya,An6,,,5.0,0.01,5.4,0.16,3.92,4.9,5.0,0.66,True
Duplicate of(An6-T3-TR9-037),AN6/652,trench,Shamkya,An6,,,5.0,0.01,2.8,0.16,2.24,4.4,6.5,0.51,True
Blank,AN6/653,trench,Shamkya,An6,,,5.0,0.01,0.1,0.14,0.22,0.25,5.1,0.16,True
An6-T3-TR10-021,AN6/654,trench,Shamkya,An6,,,5.0,0.01,1.4,1.61,1.1,2.4,8.3,1.09,True
An6-T3-TR10-022,AN6/655,trench,Shamkya,An6,,,5.0,0.01,0.8,1.0,0.81,2.7,4.0,0.38,True
An6-T3-TR10-023,AN6/656,trench,Shamkya,An6,,,5.0,0.01,1.4,6.87,1.21,2.2,7.5,0.92,True
An6-T3-TR11-011,AN6/657,trench,Shamkya,An6,,,5.0,0.01,2.3,3.94,3.69,5.2,6.1,0.57,True
An6-T3-TR11-012,AN6/658,trench,Shamkya,An6,,,5.0,0.01,1.9,1.31,3.31,4.6,4.7,0.51,True
An6-T3-TR11-013,AN6/659,trench,Shamkya,An6,,,5.0,0.01,0.8,0.24,1.54,2.6,3.3,0.5,True
An6-T3-TR11-014,AN6/660,trench,Shamkya,An6,,,5.0,0.01,0.4,0.12,0.85,2.7,3.4,0.28,True
Duplicate of(T3-TR11-011),AN6/661,trench,Shamkya,An6,,,5.0,0.01,2.5,3.7,3.94,6.3,6.7,0.61,True
Blank,AN6/662,trench,Shamkya,An6,,,5.0,0.01,0.1,0.17,0.22,0.25,5.6,0.18,True
An6-T4-TR1-001,AN6/663,trench,Shamkya,An6,,,5.0,0.01,1.9,7.81,2.25,4.7,13.8,0.83,True
An6-T4-TR1-002,AN6/664,trench,Shamkya,An6,,,5.0,0.01,1.6,1.97,1.51,6.3,24.8,1.1,True
An6-T4-TR1-003,AN6/665,trench,Shamkya,An6,,,5.0,0.01,1.6,1.69,1.44,4.9,21.5,0.77,True
An6-T4-TR1-004,AN6/666,trench,Shamkya,An6,,,5.0,0.01,0.8,0.14,2.6,2.8,3.6,0.27,True
An6-T4-TR1-005,AN6/667,trench,Shamkya,An6,,,5.0,0.01,2.5,0.38,2.72,13.4,14.3,0.63,True
Duplicate of(T4-TR2-005),AN6/668,trench,Shamkya,An6,,,5.0,0.01,1.2,0.24,1.64,2.7,5.0,0.35,True
An6-T4-TR2-004,AN6/669,trench,Shamkya,An6,,,5.0,0.01,9.0,8.55,2.98,5.3,12.8,1.63,True
An6-T4-TR2-005,AN6/670,trench,Shamkya,An6,,,5.0,0.01,1.3,0.28,1.64,2.7,5.2,0.37,True
An6-T5-TR1-002,AN6/671,trench,Shamkya,An6,,,5.0,0.01,2.6,0.19,2.28,4.6,17.9,0.81,True
Blank,AN6/672,trench,Shamkya,An6,,,5.0,0.01,0.1,0.11,0.22,0.25,5.6,0.19,True
An6-T5-TR1-003,AN6/673,trench,Shamkya,An6,,,5.0,0.01,5.7,0.44,4.01,8.4,35.8,1.83,True
An6-T5-TR1-004,AN6/674,trench,Shamkya,An6,,,5.0,0.01,4.2,0.48,4.33,10.7,26.7,1.52,True
An6-T5-TR1-005,AN6/675,trench,Shamkya,An6,,,5.0,0.01,5.3,0.36,4.14,8.3,26.2,1.6,True
An6-T5-TR1-006,AN6/676,trench,Shamkya,An6,,,5.0,0.01,6.6,0.52,4.47,7.9,40.2,2.22,True
An6-T5-TR1-007,AN6/677,trench,Shamkya,An6,,,5.0,0.01,8.7,0.58,4.91,6.8,49.3,2.42,True
An6-T5-TR1-008,AN6/678,trench,Shamkya,An6,,,5.0,0.01,8.9,1.12,4.9,6.7,48.8,2.62,True
Duplicate of(T5-TR1-002),AN6/679,trench,Shamkya,An6,,,5.0,0.01,2.5,0.19,2.26,4.6,16.2,0.75,True
An6-T5-TR1-009,AN6/680,trench,Shamkya,An6,,,5.0,0.01,9.0,2.83,4.43,6.3,35.1,2.19,True
An6-T5-TR1-010,AN6/681,trench,Shamkya,An6,,,5.0,0.01,8.0,4.25,4.09,7.5,23.8,2.14,True
An6-T5-TR1-011,AN6/682,trench,Shamkya,An6,,,5.0,0.01,5.7,1.52,4.31,9.0,32.5,2.03,True
An6-T5-TR1-012,AN6/683,trench,Shamkya,An6,,,5.0,0.01,3.5,1.78,3.5,8.2,18.4,1.58,True
An6-T5-TR1-013,AN6/684,trench,Shamkya,An6,,,5.0,0.01,2.7,3.04,3.05,15.3,21.4,1.44,True
An6-T5-TR1-016,AN6/685,trench,Shamkya,An6,,,5.0,0.01,3.2,3.58,3.54,10.3,21.1,1.55,True
An6-T5-TR2-001,AN6/686,trench,Shamkya,An6,,,5.0,0.01,2.0,5.6,3.03,14.6,7.6,0.85,True
An6-T5-TR2-002,AN6/687,trench,Shamkya,An6,,,5.0,0.01,3.5,8.47,3.24,12.1,11.3,1.75,True
An6-T5-TR2-003,AN6/688,trench,Shamkya,An6,,,5.0,0.01,4.5,6.17,3.41,17.0,21.2,1.95,True
An6-T5-TR2-006,AN6/689,trench,Shamkya,An6,,,5.0,0.08,7.6,4.19,7.54,3.1,5.9,0.85,True
An6-T5-TR2-007,AN6/690,trench,Shamkya,An6,,,5.0,0.04,3.8,2.28,3.78,4.7,6.5,0.68,True
An6-T5-TR2-008,AN6/691,trench,Shamkya,An6,,,5.0,0.01,1.9,0.51,3.53,9.3,4.4,0.44,True
An6-T5-TR2-009,AN6/692,trench,Shamkya,An6,,,5.0,0.01,2.9,1.86,3.33,7.5,4.4,0.61,True
An6-T5-TR2-010,AN6/693,trench,Shamkya,An6,,,5.0,0.01,5.5,2.13,4.37,4.1,5.3,0.66,True
Duplicate of(T5-TR2-007),AN6/694,trench,Shamkya,An6,,,5.0,0.04,3.8,2.29,3.87,4.7,6.5,0.65,True
Blank,AN6/695,trench,Shamkya,An6,,,5.0,0.01,0.1,0.14,0.25,0.25,4.9,0.18,True
An6-T5-TR2-011,AN6/696,trench,Shamkya,An6,,,5.0,0.01,8.9,9.99,4.49,3.9,5.7,1.23,True
An6-T5-TR2-012,AN6/697,trench,Shamkya,An6,,,5.0,0.01,5.3,9.8,3.49,3.4,7.6,1.82,True
An6-T5-TR2-013,AN6/698,trench,Shamkya,An6,,,5.0,0.01,8.4,11.0,3.99,2.5,3.6,1.44,True
An6-T5-TR2-014,AN6/699,trench,Shamkya,An6,,,5.0,0.01,9.8,12.35,3.43,4.6,6.4,2.14,True
An6-T5-TR2-015,AN6/700,trench,Shamkya,An6,,,5.0,0.01,10.8,7.96,3.93,3.7,7.7,1.97,True
An6-T5-TR2-016,AN6/701,trench,Shamkya,An6,,,5.0,0.01,4.5,7.06,2.6,2.8,11.4,1.3,True
An6-T5-TR3-001,AN6/702,trench,Shamkya,An6,,,5.0,0.01,6.7,10.45,3.64,5.3,23.2,2.46,True
An6-T5-TR3-002,AN6/703,trench,Shamkya,An6,,,5.0,0.01,11.4,9.2,4.25,4.4,11.4,2.34,True
An6-T5-TR3-003,AN6/704,trench,Shamkya,An6,,,5.0,0.01,10.3,8.03,4.32,4.4,22.8,2.35,True
An6-T5-TR3-004,AN6/705,trench,Shamkya,An6,,,5.0,0.01,5.7,3.36,4.04,6.2,29.6,2.44,True
An6-T5-TR3-005,AN6/706,trench,Shamkya,An6,,,5.0,0.01,3.2,3.3,3.57,6.1,9.2,1.12,True
An6-T5-TR3-006,AN6/707,trench,Shamkya,An6,,,5.0,0.01,5.3,4.48,3.72,6.8,17.2,2.1,True
An6-T5-TR3-007,AN6/708,trench,Shamkya,An6,,,5.0,0.01,4.7,4.52,3.56,7.2,23.0,2.31,True
An6-T5-TR3-008,AN6/709,trench,Shamkya,An6,,,5.0,0.01,4.6,3.95,3.58,6.9,21.2,2.54,True
Duplicate of (T5-TR3-005),AN6/710,trench,Shamkya,An6,,,5.0,0.01,3.0,3.58,3.53,6.1,7.8,0.92,True
An6-T5-TR3-011,AN6/711,trench,Shamkya,An6,,,5.0,0.01,2.9,2.67,3.77,4.6,7.6,0.9,True
An6-T5-TR3-018,AN6/712,trench,Shamkya,An6,,,5.0,0.01,3.4,7.24,2.52,4.2,6.7,1.03,True
An6-T5-TR3-019,AN6/713,trench,Shamkya,An6,,,5.0,0.01,3.2,4.28,4.16,5.7,6.9,0.66,True
An6-T5-TR3-020,AN6/714,trench,Shamkya,An6,,,5.0,0.01,1.9,1.79,4.37,5.9,5.9,0.38,True
Blank,AN6/715,trench,Shamkya,An6,,,5.0,0.01,0.1,0.13,0.32,0.25,8.4,0.27,True
An6-T5-TR3-021,AN6/716,trench,Shamkya,An6,,,5.0,0.01,4.1,3.97,4.68,3.7,11.8,1.47,True
An6-T5-TR3-022,AN6/717,trench,Shamkya,An6,,,5.0,0.01,4.3,4.54,4.97,3.6,8.7,1.5,True
An6-T5-TR3-023,AN6/718,trench,Shamkya,An6,,,5.0,0.01,13.3,3.81,6.08,2.8,14.0,2.02,True
An6-T5-TR3-024,AN6/719,trench,Shamkya,An6,,,5.0,0.01,8.7,6.82,4.46,5.6,19.6,2.86,True
An6-T5-TR3-025,AN6/720,trench,Shamkya,An6,,,5.0,0.01,7.6,3.77,3.79,5.3,11.4,1.91,True
An6-T5-TR3-026,AN6/721,trench,Shamkya,An6,,,5.0,0.01,8.5,9.6,3.84,5.3,11.4,2.08,True
An6-T5-TR3-027,AN6/722,trench,Shamkya,An6,,,5.0,0.01,4.5,4.21,3.52,8.4,25.0,2.13,True
Duplicate of  (T5-TR4-018),AN6/723,trench,Shamkya,An6,,,5.0,5.32,1.4,1.22,8.72,4.4,5.0,0.44,True
An6-T5-TR4-001,AN6/724,trench,Shamkya,An6,,,5.0,0.01,7.1,10.5,3.68,4.8,12.6,2.59,True
An6-T5-TR4-002,AN6/725,trench,Shamkya,An6,,,5.0,0.01,6.2,7.83,3.49,4.4,11.0,2.59,True
An6-T5-TR4-003,AN6/726,trench,Shamkya,An6,,,5.0,0.01,5.1,9.29,2.54,4.2,10.8,1.95,True
An6-T5-TR4-004,AN6/727,trench,Shamkya,An6,,,5.0,0.01,4.9,20.3,2.2,3.9,11.2,1.8,True
An6-T5-TR4-005,AN6/728,trench,Shamkya,An6,,,5.0,0.01,6.5,17.6,2.94,4.3,8.0,2.35,True
An6-T5-TR4-006,AN6/729,trench,Shamkya,An6,,,5.0,0.01,5.5,12.0,2.96,3.5,7.1,2.09,True
An6-T5-TR4-007,AN6/730,trench,Shamkya,An6,,,5.0,0.01,7.2,16.75,3.14,3.3,8.4,2.4,True
An6-T5-TR4-008,AN6/731,trench,Shamkya,An6,,,5.0,0.01,6.7,18.65,2.87,4.1,8.2,2.26,True
An6-T5-TR4-009,AN6/732,trench,Shamkya,An6,,,5.0,0.01,5.2,16.2,2.76,3.9,7.3,1.85,True
An6-T5-TR4-010,AN6/733,trench,Shamkya,An6,,,5.0,0.01,6.5,12.8,3.55,3.7,7.4,2.28,True
An6-T5-TR4-011,AN6/734,trench,Shamkya,An6,,,5.0,0.01,4.1,10.75,3.11,3.3,10.6,2.38,True
An6-T5-TR4-015,AN6/735,trench,Shamkya,An6,,,5.0,0.01,3.8,2.26,3.28,11.4,33.1,2.05,True
An6-T5-TR4-016,AN6/736,trench,Shamkya,An6,,,5.0,0.01,3.4,1.82,2.74,13.1,39.9,2.03,True
An6-T5-TR4-017,AN6/737,trench,Shamkya,An6,,,5.0,0.01,3.6,4.64,3.12,12.7,35.6,2.06,True
Duplicate of (T5-TR3-020),AN6/738,trench,Shamkya,An6,,,5.0,0.01,2.0,1.83,4.32,5.6,6.2,0.4,True
An6-T5-TR4-018,AN6/739,trench,Shamkya,An6,,,5.0,0.55,1.4,0.93,7.86,4.7,5.3,0.46,True
Blank,AN6/740,trench,Shamkya,An6,,,5.0,0.01,0.2,0.12,0.27,0.25,7.1,0.2,True
An6-T5-TR4-019,AN6/741,trench,Shamkya,An6,,,5.0,0.01,2.1,2.09,3.64,8.4,13.2,1.1,True
An6-T5-TR4-020,AN6/742,trench,Shamkya,An6,,,5.0,0.01,2.7,2.1,2.77,13.6,24.0,1.39,True
An6-T5-TR5-003,AN6/743,trench,Shamkya,An6,,,5.0,0.01,28.1,4.21,7.16,5.9,58.6,4.26,True
An6-T5-TR5-004,AN6/744,trench,Shamkya,An6,,,5.0,0.3,15.1,1.79,10.2,2.4,25.8,2.86,True
Blank,AN6/745,trench,Shamkya,An6,,,5.0,0.01,0.1,0.11,0.22,0.25,4.9,0.14,True
An6-T5-TR5-005,AN6/746,trench,Shamkya,An6,,,5.0,0.01,11.2,2.72,5.56,3.5,21.5,2.47,True
Duplicate of (T5-TR5-004),AN6/747,trench,Shamkya,An6,,,5.0,0.04,13.7,1.66,9.82,2.1,23.2,2.61,True
